PERIODO (AAAAMM),"PERIODO (MMAAAA)","PERIODO (DD-MM-AAAA)",VALOR IPC,VALOR IPCP,FECHA INICIO,FECHA FINAL,VALOR IPCP,VALOR IPCP-1
202506,062025,30/06/2025,"0,1000000","5,577.5201352",01/06/2025,30/06/2025,"5577,5201352","5571,9481870"
202505,052025,31/05/2025,"0,3200000","5,571.9481870",01/05/2025,31/05/2025,"5571,9481870","5554,1748275"
202504,042025,30/04/2025,"0,6600000","5,554.1748275",01/04/2025,30/04/2025,"5554,1748275","5517,7576272"
202503,032025,31/03/2025,"0,5200000","5,517.7576272",01/03/2025,31/03/2025,"5517,7576272","5489,2137159"
202502,022025,28/02/2025,1.1400000,"5,489.2137159",01/02/2025,28/02/2025,"5489,2137159","5427,3420169"
202501,012025,31/01/2025,0.9400000,"5,427.3420169",01/01/2025,31/01/2025,"5427,3420169","5376,8000960"
202412,122024,31/12/2024,0.4600000,"5,376.8000960",01/12/2024,31/12/2024,"5376,8000960","5352,1800677"
202411,112024,30/11/2024,0.2700000,"5,352.1800677",01/11/2024,30/11/2024,"5352,1800677","5337,7680938"
202410,102024,31/10/2024,-0.1300000,"5,337.7680938",01/10/2024,31/10/2024,"5337,7680938","5344,7162249"
202409,092024,30/09/2024,0.2400000,"5,344.7162249",01/09/2024,30/09/2024,"5344,7162249","5331,9196178"
202408,082024,31/08/2024,0.0000000,"5,331.9196178",01/08/2024,31/08/2024,"5331,9196178","5331,9196178"
202407,072024,31/07/2024,0.2000000,"5,331.9196178",01/07/2024,31/07/2024,"5331,9196178","5321,2770637"
202406,062024,30/06/2024,0.3200000,"5,321.2770637",01/06/2024,30/06/2024,"5321,2770637","5304,3032932"
202405,052024,31/05/2024,0.4300000,"5,304.3032932",01/05/2024,31/05/2024,"5304,3032932","5281,5924457"
202404,042024,30/04/2024,0.5900000,"5,281.5924457",01/04/2024,30/04/2024,"5281,5924457","5250,6138241"
202403,032024,31/03/2024,0.7000000,"5,250.6138241",01/03/2024,31/03/2024,"5250,6138241","5214,1150190"
202402,022024,29/02/2024,1.0900000,"5,214.1150190",01/02/2024,29/2/2024,"5214,1150190","5157,8939746"
202401,012024,31/01/2024,0.9200000,"5,157.8939746",01/01/2024,31/01/2024,"5157,8939746","5110,8739344"
202312,122023,31/12/2023,0.4500000,"5,110.8739344",01/12/2023,31/12/2023,"5110,8739344","5087,9780333"
202311,112023,30/11/2023,0.4700000,"5,087.9780333",01/11/2023,30/11/2023,"5087,9780333","5064,1764042"
202310,102023,31/10/2023,0.2500000,"5,064.1764042",01/10/2023,31/10/2023,"5064,1764042","5051,5475354"
202309,092023,30/09/2023,0.5400000,"5,051.5475354",01/09/2023,30/09/2023,"5051,5475354","5024,4156906"
202308,082023,31/08/2023,0.7000000,"5,024.4156906",01/08/2023,31/08/2023,"5024,4156906","4989,4892658"
202307,072023,31/07/2023,0.5000000,"4,989.4892658",01/07/2023,31/07/2023,"4989,4892658","4964,6659361"
202306,062023,30/06/2023,0.3000000,"4,964.6659361",01/06/2023,30/06/2023,"4964,6659361","4949,8164866"
202305,052023,31/05/2023,0.4300000,"4,949.8164866",01/05/2023,31/05/2023,"4949,8164866","4928,6234060"
202304,042023,30/04/2023,0.7800000,"4,928.6234060",01/04/2023,30/04/2023,"4928,6234060","4890,4776801"
202303,032023,31/03/2023,1.0500000,"4,890.4776801",01/03/2023,31/03/2023,"4890,4776801","4839,6612371"
202302,022023,28/02/2023,1.6600000,"4,839.6612371",01/02/2023,28/02/2023,"4839,6612371","4760,6347010"
202301,012023,31/01/2023,1.7800000,"4,760.6347010",01/01/2023,31/01/2023,"4760,6347010","4677,3773836"
202212,122022,31/12/2022,1.2600000,"4,677.3773836",01/12/2022,31/12/2022,"4677,3773836","4619,1757689"
202211,112022,30/11/2022,0.7700000,"4,619.1757689",01/11/2022,30/11/2022,"4619,1757689","4583,8798937"
202210,102022,31/10/2022,0.7200000,"4,583.8798937",01/10/2022,31/10/2022,"4583,8798937","4551,1118882"
202209,092022,30/09/2022,0.9300000,"4,551.1118882",01/09/2022,30/09/2022,"4551,1118882","4509,1765463"
202208,082022,31/08/2022,1.0200000,"4,509.1765463",01/08/2022,31/08/2022,"4509,1765463","4463,6473434"
202207,072022,31/07/2022,0.8100000,"4,463.6473434",01/07/2022,31/07/2022,"4463,6473434","4427,7823067"
202206,062022,30/06/2022,0.5100000,"4,427.7823067",01/06/2022,30/06/2022,"4427,7823067","4405,3151992"
202205,052022,31/05/2022,0.8400000,"4,405.3151992",01/05/2022,31/05/2022,"4405,3151992","4368,6188012"
202204,042022,30/04/2022,1.2500000,"4,368.6188012",01/04/2022,30/04/2022,"4368,6188012","4314,6852358"
202203,032022,31/03/2022,1.0000000,"4,314.6852358",01/03/2022,31/03/2022,"4314,6852358","4271,9655800"
202202,022022,28/02/2022,1.6300000,"4,271.9655800",01/02/2022,28/02/2022,"4271,9655800","4203,4493555"
202201,012022,31/01/2022,1.6700000,"4,203.4493555",01/01/2022,31/01/2022,"4203,4493555","4134,4047954"
202112,122021,31/12/2021,0.7300000,"4,134.4047954",01/12/2021,31/12/2021,"4134,4047954","4104,4423661"
202111,112021,30/11/2021,0.5000000,"4,104.4423661",01/11/2021,30/11/2021,"4104,4423661","4084,0222549"
202110,102021,31/10/2021,0.0100000,"4,084.0222549",01/10/2021,31/10/2021,"4084,0222549","4083,6138935"
202109,092021,30/09/2021,0.3800000,"4,083.6138935",01/09/2021,30/09/2021,"4083,6138935","4068,1549048"
202108,082021,31/08/2021,0.4500000,"4,068.1549048",01/08/2021,31/08/2021,"4068,1549048","4049,9302189"
202107,072021,31/07/2021,0.3200000,"4,049.9302189",01/07/2021,31/07/2021,"4049,9302189","4037,0117812"
202106,062021,30/06/2021,-0.0500000,"4,037.0117812",01/06/2021,30/06/2021,"4037,0117812","4039,0312968"
202105,052021,31/05/2021,1.0000000,"4,039.0312968",01/05/2021,31/05/2021,"4039,0312968","3999,0408879"
202104,042021,30/04/2021,0.5900000,"3,999.0408879",01/04/2021,30/04/2021,"3999,0408879","3975,5849368"
202103,032021,31/03/2021,0.5100000,"3,975.5849368",01/03/2021,31/03/2021,"3975,5849368","3955,4123339"
202102,022021,28/02/2021,0.6400000,"3,955.4123339",01/02/2021,28/02/2021,"3955,4123339","3930,2586784"
202101,012021,31/01/2021,0.4100000,"3,930.2586784",01/01/2021,31/01/2021,"3930,2586784","3914,2104156"
202012,122020,31/12/2020,0.3800000,"3,914.2104156",01/12/2020,31/12/2020,"3914,2104156","3899,3927233"
202011,112020,30/11/2020,-0.1500000,"3,899.3927233",01/11/2020,30/11/2020,"3899,3927233","3905,2505992"
202010,102020,31/10/2020,-0.0600000,"3,905.2505992",01/10/2020,31/10/2020,"3905,2505992","3907,5951563"
202009,092020,30/09/2020,0.3200000,"3,907.5951563",01/09/2020,30/09/2020,"3907,5951563","3895,1307379"
202008,082020,31/08/2020,-0.0100000,"3,895.1307379",01/08/2020,31/08/2020,"3895,1307379","3895,5202900"
202007,072020,31/07/2020,0.0000000,"3,895.5202900",01/07/2020,31/07/2020,"3895,5202900","3895,5202900"
202006,062020,30/06/2020,-0.3800000,"3,895.5202900",01/06/2020,30/06/2020,"3895,5202900","3910,3797329"
202005,052020,31/05/2020,-0.3200000,"3,910.3797329",01/05/2020,31/05/2020,"3910,3797329","3922,9331189"
202004,042020,30/04/2020,0.1600000,"3,922.9331189",01/04/2020,30/04/2020,"3922,9331189","3916,6664526"
202003,032020,31/03/2020,0.5700000,"3,916.6664526",01/03/2020,31/03/2020,"3916,6664526","3894,4679851"
202002,022020,29/02/2020,0.6700000,"3,894.4679851",01/02/2020,29/2/2020,"3894,4679851","3868,5487087"
202001,012020,31/01/2020,0.4200000,"3,868.5487087",01/01/2020,31/01/2020,"3868,5487087","3852,3687599"
201912,122019,31/12/2019,0.2600000,"3,852.3687599",01/12/2019,31/12/2019,"3852,3687599","3842,3785756"
201911,112019,30/11/2019,0.1000000,"3,842.3785756",01/11/2019,30/11/2019,"3842,3785756","3838,5400356"
201910,102019,31/10/2019,0.1600000,"3,838.5400356",01/10/2019,31/10/2019,"3838,5400356","3832,4081825"
201909,092019,30/09/2019,0.2300000,"3,832.4081825",01/09/2019,30/09/2019,"3832,4081825","3823,6138706"
201908,082019,31/08/2019,0.0900000,"3,823.6138706",01/08/2019,31/08/2019,"3823,6138706","3820,1757125"
201907,072019,31/07/2019,0.2200000,"3,820.1757125",01/07/2019,31/07/2019,"3820,1757125","3811,7897750"
201906,062019,30/06/2019,0.2700000,"3,811.7897750",01/06/2019,30/06/2019,"3811,7897750","3801,5256557"
201905,052019,31/05/2019,0.3100000,"3,801.5256557",01/05/2019,31/05/2019,"3801,5256557","3789,7773459"
201904,042019,30/04/2019,0.5000000,"3,789.7773459",01/04/2019,30/04/2019,"3789,7773459","3770,9227323"
201903,032019,31/03/2019,0.4300000,"3,770.9227323",01/03/2019,31/03/2019,"3770,9227323","3754,7771903"
201902,022019,28/02/2019,0.5700000,"3,754.7771903",01/02/2019,28/02/2019,"3754,7771903","3733,4962617"
201901,012019,31/01/2019,0.6000000,"3,733.4962617",01/01/2019,31/01/2019,"3733,4962617","3711,2288883"
201812,122018,31/12/2018,0.3000000,"3,711.2288883",01/12/2018,31/12/2018,"3711,2288883","3700,1285028"
201811,112018,30/11/2018,0.1200000,"3,700.1285028",01/11/2018,30/11/2018,"3700,1285028","3695,6936704"
201810,102018,31/10/2018,0.1200000,"3,695.6936704",01/10/2018,31/10/2018,"3695,6936704","3691,2641534"
201809,092018,30/09/2018,0.1600000,"3,691.2641534",01/09/2018,30/09/2018,"3691,2641534","3685,3675653"
201808,082018,31/08/2018,0.1200000,"3,685.3675653",01/08/2018,31/08/2018,"3685,3675653","3680,9504248"
201807,072018,31/07/2018,-0.1300000,"3,680.9504248",01/07/2018,31/07/2018,"3680,9504248","3685,7418893"
201806,062018,30/06/2018,0.1500000,"3,685.7418893",01/06/2018,30/06/2018,"3685,7418893","3680,2215569"
201805,052018,31/05/2018,0.2500000,"3,680.2215569",01/05/2018,31/05/2018,"3680,2215569","3671,0439471"
201804,042018,30/04/2018,0.4600000,"3,671.0439471",01/04/2018,30/04/2018,"3671,0439471","3654,2344685"
201803,032018,31/03/2018,0.2400000,"3,654.2344685",01/03/2018,31/03/2018,"3654,2344685","3645,4853038"
201802,022018,28/02/2018,0.7100000,"3,645.4853038",01/02/2018,28/02/2018,"3645,4853038","3619,7848315"
201801,012018,31/01/2018,0.6300000,"3,619.7848315",01/01/2018,31/01/2018,"3619,7848315","3597,1229569"
201712,122017,31/12/2017,0.3800000,"3,597.1229569",01/12/2017,31/12/2017,"3597,1229569","3583,5056354"
201711,112017,30/11/2017,0.1800000,"3,583.5056354",01/11/2017,30/11/2017,"3583,5056354","3577,0669150"
201710,102017,31/10/2017,0.0200000,"3,577.0669150",01/10/2017,31/10/2017,"3577,0669150","3576,3516447"
201709,092017,30/09/2017,0.0400000,"3,576.3516447",01/09/2017,30/09/2017,"3576,3516447","3574,9216760"
201708,082017,31/08/2017,0.1400000,"3,574.9216760",01/08/2017,31/08/2017,"3574,9216760","3569,9237827"
201707,072017,31/07/2017,-0.0500000,"3,569.9237827",01/07/2017,31/07/2017,"3569,9237827","3571,7096375"
201706,062017,30/06/2017,0.1100000,"3,571.7096375",01/06/2017,30/06/2017,"3571,7096375","3567,7850739"
201705,052017,31/05/2017,0.2300000,"3,567.7850739",01/05/2017,31/05/2017,"3567,7850739","3559,5979985"
201704,042017,30/04/2017,0.4700000,"3,559.5979985",01/04/2017,30/04/2017,"3559,5979985","3542,9461516"
201703,032017,31/03/2017,0.4700000,"3,542.9461516",01/03/2017,31/03/2017,"3542,9461516","3526,3722023"
201702,022017,28/02/2017,1.0100000,"3,526.3722023",01/02/2017,28/02/2017,"3526,3722023","3491,1119714"
201701,012017,31/01/2017,1.0200000,"3,491.1119714",01/01/2017,31/01/2017,"3491,1119714","3455,8621772"
201612,122016,31/12/2016,0.4200000,"3,455.8621772",01/12/2016,31/12/2016,"3455,8621772","3441,4082625"
201611,112016,30/11/2016,0.1100000,"3,441.4082625",01/11/2016,30/11/2016,"3441,4082625","3437,6268729"
201610,102016,31/10/2016,-0.0600000,"3,437.6268729",01/10/2016,31/10/2016,"3437,6268729","3439,6906873"
201609,092016,30/09/2016,-0.0500000,"3,439.6906873",01/09/2016,30/09/2016,"3439,6906873","3441,4113930"
201608,082016,31/08/2016,-0.3200000,"3,441.4113930",01/08/2016,31/08/2016,"3441,4113930","3452,4592626"
201607,072016,31/07/2016,0.5200000,"3,452.4592626",01/07/2016,31/07/2016,"3452,4592626","3434,5993460"
201606,062016,30/06/2016,0.4800000,"3,434.5993460",01/06/2016,30/06/2016,"3434,5993460","3418,1920243"
201605,052016,31/05/2016,0.5100000,"3,418.1920243",01/05/2016,31/05/2016,"3418,1920243","3400,8477011"
201604,042016,30/04/2016,0.5000000,"3,400.8477011",01/04/2016,30/04/2016,"3400,8477011","3383,9280607"
201603,032016,31/03/2016,0.9400000,"3,383.9280607",01/03/2016,31/03/2016,"3383,9280607","3352,4153564"
201602,022016,29/02/2016,1.2800000,"3,352.4153564",01/02/2016,29/2/2016,"3352,4153564","3310,0467579"
201601,012016,31/01/2016,1.2900000,"3,310.0467579",01/01/2016,31/01/2016,"3310,0467579","3267,8909645"
201512,122015,31/12/2015,0.6200000,"3,267.8909645",01/12/2015,31/12/2015,"3267,8909645","3247,7548842"
201511,112015,30/11/2015,0.6000000,"3,247.7548842",01/11/2015,30/11/2015,"3247,7548842","3228,3845767"
201510,102015,31/10/2015,0.6800000,"3,228.3845767",01/10/2015,31/10/2015,"3228,3845767","3206,5798338"
201509,092015,30/09/2015,0.7200000,"3,206.5798338",01/09/2015,30/09/2015,"3206,5798338","3183,6574998"
201508,082015,31/08/2015,0.4800000,"3,183.6574998",01/08/2015,31/08/2015,"3183,6574998","3168,4489449"
201507,072015,31/07/2015,0.1900000,"3,168.4489449",01/07/2015,31/07/2015,"3168,4489449","3162,4403083"
201506,062015,30/06/2015,0.1000000,"3,162.4403083",01/06/2015,30/06/2015,"3162,4403083","3159,2810273"
201505,052015,31/05/2015,0.2600000,"3,159.2810273",01/05/2015,31/05/2015,"3159,2810273","3151,0881980"
201504,042015,30/04/2015,0.5400000,"3,151.0881980",01/04/2015,30/04/2015,"3151,0881980","3134,1637139"
201503,032015,31/03/2015,0.5900000,"3,134.1637139",01/03/2015,31/03/2015,"3134,1637139","3115,7806083"
201502,022015,28/02/2015,1.1500000,"3,115.7806083",01/02/2015,28/02/2015,"3115,7806083","3080,3565085"
201501,012015,31/01/2015,0.6400000,"3,080.3565085",01/01/2015,31/01/2015,"3080,3565085","3060,7675959"
201412,122014,31/12/2014,0.2700000,"3,060.7675959",01/12/2014,31/12/2014,"3060,7675959","3052,5257763"
201411,112014,30/11/2014,0.1300000,"3,052.5257763",01/11/2014,30/11/2014,"3052,5257763","3048,5626448"
201410,102014,31/10/2014,0.1600000,"3,048.5626448",01/10/2014,31/10/2014,"3048,5626448","3043,6927365"
201409,092014,30/09/2014,0.1400000,"3,043.6927365",01/09/2014,30/09/2014,"3043,6927365","3039,4375239"
201408,082014,31/08/2014,0.2000000,"3,039.4375239",01/08/2014,31/08/2014,"3039,4375239","3033,3707824"
201407,072014,31/07/2014,0.1500000,"3,033.3707824",01/07/2014,31/07/2014,"3033,3707824","3028,8275411"
201406,062014,30/06/2014,0.0900000,"3,028.8275411",01/06/2014,30/06/2014,"3028,8275411","3026,1040474"
201405,052014,31/05/2014,0.4800000,"3,026.1040474",01/05/2014,31/05/2014,"3026,1040474","3011,6481364"
201404,042014,30/04/2014,0.4600000,"3,011.6481364",01/04/2014,30/04/2014,"3011,6481364","2997,8579896"
201403,032014,31/03/2014,0.3900000,"2,997.8579896",01/03/2014,31/03/2014,"2997,8579896","2986,2117637"
201402,022014,28/02/2014,0.6300000,"2,986.2117637",01/02/2014,28/02/2014,"2986,2117637","2967,5164103"
201401,012014,31/01/2014,0.4900000,"2,967.5164103",01/01/2014,31/01/2014,"2967,5164103","2953,0464826"
201312,122013,31/12/2013,0.2600000,"2,953.0464826",01/12/2013,31/12/2013,"2953,0464826","2945,3884725"
201311,112013,30/11/2013,-0.2200000,"2,945.3884725",01/11/2013,30/11/2013,"2945,3884725","2951,8826143"
201310,102013,31/10/2013,-0.2600000,"2,951.8826143",01/10/2013,31/10/2013,"2951,8826143","2959,5775158"
201309,092013,30/09/2013,0.2900000,"2,959.5775158",01/09/2013,30/09/2013,"2959,5775158","2951,0195591"
201308,082013,31/08/2013,0.0800000,"2,951.0195591",01/08/2013,31/08/2013,"2951,0195591","2948,6606306"
201307,072013,31/07/2013,0.0400000,"2,948.6606306",01/07/2013,31/07/2013,"2948,6606306","2947,4816380"
201306,062013,30/06/2013,0.2300000,"2,947.4816380",01/06/2013,30/06/2013,"2947,4816380","2940,7179866"
201305,052013,31/05/2013,0.2800000,"2,940.7179866",01/05/2013,31/05/2013,"2940,7179866","2932,5069671"
201304,042013,30/04/2013,0.2500000,"2,932.5069671",01/04/2013,30/04/2013,"2932,5069671","2925,1939821"
201303,032013,31/03/2013,0.2100000,"2,925.1939821",01/03/2013,31/03/2013,"2925,1939821","2919,0639478"
201302,022013,28/02/2013,0.4400000,"2,919.0639478",01/02/2013,28/02/2013,"2919,0639478","2906,2763320"
201301,012013,31/01/2013,0.3000000,"2,906.2763320",01/01/2013,31/01/2013,"2906,2763320","2897,5835812"
201212,122012,31/12/2012,0.0900000,"2,897.5835812",01/12/2012,31/12/2012,"2897,5835812","2894,9781009"
201211,112012,30/11/2012,-0.1400000,"2,894.9781009",01/11/2012,30/11/2012,"2894,9781009","2899,0367524"
201210,102012,31/10/2012,0.1600000,"2,899.0367524",01/10/2012,31/10/2012,"2899,0367524","2894,4057033"
201209,092012,30/09/2012,0.2900000,"2,894.4057033",01/09/2012,30/09/2012,"2894,4057033","2886,0361983"
201208,082012,31/08/2012,0.0400000,"2,886.0361983",01/08/2012,31/08/2012,"2886,0361983","2884,8822454"
201207,072012,31/07/2012,-0.0200000,"2,884.8822454",01/07/2012,31/07/2012,"2884,8822454","2885,4593373"
201206,062012,30/06/2012,0.0800000,"2,885.4593373",01/06/2012,30/06/2012,"2885,4593373","2883,1528150"
201205,052012,31/05/2012,0.3000000,"2,883.1528150",01/05/2012,31/05/2012,"2883,1528150","2874,5292273"
201204,042012,30/04/2012,0.1400000,"2,874.5292273",01/04/2012,30/04/2012,"2874,5292273","2870,5105126"
201203,032012,31/03/2012,0.1200000,"2,870.5105126",01/03/2012,31/03/2012,"2870,5105126","2867,0700286"
201202,022012,29/02/2012,0.6100000,"2,867.0700286",01/02/2012,29/2/2012,"2867,0700286","2849,6869383"
201201,012012,31/01/2012,0.7300000,"2,849.6869383",01/01/2012,31/01/2012,"2849,6869383","2829,0349829"
201112,122011,31/12/2011,0.4200000,"2,829.0349829",01/12/2011,31/12/2011,"2829,0349829","2817,2027314"
201111,112011,30/11/2011,0.1400000,"2,817.2027314",01/11/2011,30/11/2011,"2817,2027314","213,2641616"
201110,102011,31/10/2011,0.1900000,"2,813.2641616",01/10/2011,31/10/2011,"213,2641616","2807,9290963"
201109,092011,30/09/2011,0.3100000,"2,807.9290963",01/09/2011,30/09/2011,"2807,9290963","2799,2514169"
201108,082011,31/08/2011,-0.0300000,"2,799.2514169",01/08/2011,31/08/2011,"2799,2514169","2800,0914443"
201107,072011,31/07/2011,0.1400000,"2,800.0914443",01/07/2011,31/07/2011,"2800,0914443","2796,1767968"
201106,062011,30/06/2011,0.3200000,"2,796.1767968",01/06/2011,30/06/2011,"2796,1767968","2787,2575726"
201105,052011,31/05/2011,0.2800000,"2,787.2575726",01/05/2011,31/05/2011,"2787,2575726","2779,4750425"
201104,042011,30/04/2011,0.1200000,"2,779.4750425",01/04/2011,30/04/2011,"2779,4750425","2776,1436701"
201103,032011,31/03/2011,0.2700000,"2,776.1436701",01/03/2011,31/03/2011,"2776,1436701","2768,6682657"
201102,022011,28/02/2011,0.6000000,"2,768.6682657",01/02/2011,28/02/2011,"2768,6682657","2752,1553337"
201101,012011,31/01/2011,0.9100000,"2,752.1553337",01/01/2011,31/01/2011,"2752,1553337","2727,3365710"
201012,122010,31/12/2010,0.6500000,"2,727.3365710",01/12/2010,31/12/2010,"2727,3365710","2709,7233691"
201011,112010,30/11/2010,0.1900000,"2,709.7233691",01/11/2010,30/11/2010,"2709,7233691","2704,5846582"
201010,102010,31/10/2010,-0.0900000,"2,704.5846582",01/10/2010,31/10/2010,"2704,5846582","2707,0209771"
201009,092010,30/09/2010,-0.1400000,"2,707.0209771",01/09/2010,30/09/2010,"2707,0209771","2710,8161196"
201008,082010,31/08/2010,0.1100000,"2,710.8161196",01/08/2010,31/08/2010,"2710,8161196","2707,8374984"
201007,072010,31/07/2010,-0.0400000,"2,707.8374984",01/07/2010,31/07/2010,"2707,8374984","2708,9210668"
201006,062010,30/06/2010,0.1100000,"2,708.9210668",01/06/2010,30/06/2010,"2708,9210668","2705,9445278"
201005,052010,31/05/2010,0.1000000,"2,705.9445278",01/05/2010,31/05/2010,"2705,9445278","2703,2412866"
201004,042010,30/04/2010,0.4600000,"2,703.2412866",01/04/2010,30/04/2010,"2703,2412866","2690,8633153"
201003,032010,31/03/2010,0.2500000,"2,690.8633153",01/03/2010,31/03/2010,"2690,8633153","2684,1529330"
201002,022010,28/02/2010,0.8300000,"2,684.1529330",01/02/2010,28/02/2010,"2684,1529330","2662,0578528"
201001,012010,31/01/2010,0.6900000,"2,662.0578528",01/01/2010,31/01/2010,"2662,0578528","2643,8155257"
200912,122009,31/12/2009,0.0800000,"2,643.8155257",01/12/2009,31/12/2009,"2643,8155257","2641,7021639"
200911,112009,30/11/2009,-0.0700000,"2,641.7021639",01/11/2009,30/11/2009,"2641,7021639","2643,5526508"
200910,102009,31/10/2009,-0.1300000,"2,643.5526508",01/10/2009,31/10/2009,"2643,5526508","2646,9937427"
200909,092009,30/09/2009,-0.1100000,"2,646.9937427",01/09/2009,30/09/2009,"2646,9937427","2649,9086422"
200908,082009,31/08/2009,0.0400000,"2,649.9086422",01/08/2009,31/08/2009,"2649,9086422","2648,8491025"
200907,072009,31/07/2009,-0.0400000,"2,648.8491025",01/07/2009,31/07/2009,"2648,8491025","2649,9090662"
200906,062009,30/06/2009,-0.0600000,"2,649.9090662",01/06/2009,30/06/2009,"2649,9090662","2651,4999661"
200905,052009,31/05/2009,0.0100000,"2,651.4999661",01/05/2009,31/05/2009,"2651,4999661","2651,2348426"
200904,042009,30/04/2009,0.3200000,"2,651.2348426",01/04/2009,30/04/2009,"2651,2348426","2642,7779532"
200903,032009,31/03/2009,0.5000000,"2,642.7779532",01/03/2009,31/03/2009,"2642,7779532","2629,6298042"
200902,022009,28/02/2009,0.8400000,"2,629.6298042",01/02/2009,28/02/2009,"2629,6298042","2607,7249149"
200901,012009,31/01/2009,0.5900000,"2,607.7249149",01/01/2009,31/01/2009,"2607,7249149","2592,4295804"
200812,122008,31/12/2008,0.4400000,"2,592.4295804",01/12/2008,31/12/2008,"2592,4295804","2581,0728598"
200811,112008,30/11/2008,0.2800000,"2,581.0728598",01/11/2008,30/11/2008,"2581,0728598","2573,8660349"
200810,102008,31/10/2008,0.3500000,"2,573.8660349",01/10/2008,31/10/2008,"2573,8660349","2564,8889237"
200809,092008,30/09/2008,-0.1900000,"2,564.8889237",01/09/2008,30/09/2008,"2564,8889237","2569,7714895"
200808,082008,31/08/2008,0.1900000,"2,569.7714895",01/08/2008,31/08/2008,"2569,7714895","2564,8981829"
200807,072008,31/07/2008,0.4800000,"2,564.8981829",01/07/2008,31/07/2008,"2564,8981829","2552,6454846"
200806,062008,30/06/2008,0.8600000,"2,552.6454846",01/06/2008,30/06/2008,"2552,6454846","2530,8799173"
200805,052008,31/05/2008,0.9300000,"2,530.8799173",01/05/2008,31/05/2008,"2530,8799173","2507,5596129"
200804,042008,30/04/2008,0.7100000,"2,507.5596129",01/04/2008,30/04/2008,"2507,5596129","2489,8814546"
200803,032008,31/03/2008,0.8100000,"2,489.8814546",01/03/2008,31/03/2008,"2489,8814546","2469,8754633"
200802,022008,29/02/2008,1.5100000,"2,469.8754633",01/02/2008,29/2/2008,"2469,8754633","2433,1351230"
200801,012008,31/01/2008,1.0600000,"2,433.1351230",01/01/2008,31/01/2008,"2433,1351230","2407,6144102"
200712,122007,31/12/2007,0.4900000,"2,407.6144102",01/12/2007,31/12/2007,"2407,6144102","2395,8746246"
200711,112007,30/11/2007,0.4700000,"2,395.8746246",01/11/2007,30/11/2007,"2395,8746246","2384,6666911"
200710,102007,31/10/2007,0.0100000,"2,384.6666911",01/10/2007,31/10/2007,"2384,6666911","2384,4282483"
200709,092007,30/09/2007,0.0800000,"2,384.4282483",01/09/2007,30/09/2007,"2384,4282483","2382,5222305"
200708,082007,31/08/2007,-0.1300000,"2,382.5222305",01/08/2007,31/08/2007,"2382,5222305","2385,6235411"
200707,072007,31/07/2007,0.1700000,"2,385.6235411",01/07/2007,31/07/2007,"2385,6235411","2381,5748639"
200706,062007,30/06/2007,0.1200000,"2,381.5748639",01/06/2007,30/06/2007,"2381,5748639","2378,7203994"
200705,052007,31/05/2007,0.3000000,"2,378.7203994",01/05/2007,31/05/2007,"2378,7203994","2371,6055826"
200704,042007,30/04/2007,0.9000000,"2,371.6055826",01/04/2007,30/04/2007,"2371,6055826","2350,4515190"
200703,032007,31/03/2007,1.2100000,"2,350.4515190",01/03/2007,31/03/2007,"2350,4515190","2322,3510710"
200702,022007,28/02/2007,1.1700000,"2,322.3510710",01/02/2007,28/02/2007,"2322,3510710","2295,4937936"
200701,012007,31/01/2007,0.7700000,"2,295.4937936",01/01/2007,31/01/2007,"2295,4937936","2277,9535513"
200612,122006,31/12/2006,0.2300000,"2,277.9535513",01/12/2006,31/12/2006,"2277,9535513","2272,7262808"
200611,112006,30/11/2006,0.2400000,"2,272.7262808",01/11/2006,30/11/2006,"2272,7262808","2267,2847973"
200610,102006,31/10/2006,-0.1400000,"2,267.2847973",01/10/2006,31/10/2006,"2267,2847973","2270,4634461"
200609,092006,30/09/2006,0.2900000,"2,270.4634461",01/09/2006,30/09/2006,"2270,4634461","2263,8981415"
200608,082006,31/08/2006,0.3900000,"2,263.8981415",01/08/2006,31/08/2006,"2263,8981415","2255,1032389"
200607,072006,31/07/2006,0.4100000,"2,255.1032389",01/07/2006,31/07/2006,"2255,1032389","2245,8950691"
200606,062006,30/06/2006,0.3000000,"2,245.8950691",01/06/2006,30/06/2006,"2245,8950691","2239,1775365"
200605,052006,31/05/2006,0.3300000,"2,239.1775365",01/05/2006,31/05/2006,"2239,1775365","2231,8125551"
200604,042006,30/04/2006,0.4500000,"2,231.8125551",01/04/2006,30/04/2006,"2231,8125551","2221,8143903"
200603,032006,31/03/2006,0.7000000,"2,221.8143903",01/03/2006,31/03/2006,"2221,8143903","2206,3698017"
200602,022006,28/02/2006,0.6600000,"2,206.3698017",01/02/2006,28/02/2006,"2206,3698017","2191,9032403"
200601,012006,31/01/2006,0.5400000,"2,191.9032403",01/01/2006,31/01/2006,"2191,9032403","2180,1305354"
200512,122005,31/12/2005,0.0700000,"2,180.1305354",01/12/2005,31/12/2005,"2180,1305354","2178,6055116"
200511,112005,30/11/2005,0.1100000,"2,178.6055116",01/11/2005,30/11/2005,"2178,6055116","2176,2116787"
200510,102005,31/10/2005,0.2300000,"2,176.2116787",01/10/2005,31/10/2005,"2176,2116787","2171,2178776"
200509,092005,30/09/2005,0.4300000,"2,171.2178776",01/09/2005,30/09/2005,"2171,2178776","2161,9216147"
200508,082005,31/08/2005,0.0000000,"2,161.9216147",01/08/2005,31/08/2005,"2161,9216147","2161,9216147"
200507,072005,31/07/2005,0.0500000,"2,161.9216147",01/07/2005,31/07/2005,"2161,9216147","2160,8411941"
200506,062005,30/06/2005,0.4000000,"2,160.8411941",01/06/2005,30/06/2005,"2160,8411941","2152,2322650"
200505,052005,31/05/2005,0.4100000,"2,152.2322650",01/05/2005,31/05/2005,"2152,2322650","2143,4441440"
200504,042005,30/04/2005,0.4400000,"2,143.4441440",01/04/2005,30/04/2005,"2143,4441440","2134,0543051"
200503,032005,31/03/2005,0.7700000,"2,134.0543051",01/03/2005,31/03/2005,"2134,0543051","2117,7476482"
200502,022005,28/02/2005,1.0200000,"2,117.7476482",01/02/2005,28/02/2005,"2117,7476482","2096,3647279"
200501,012005,31/01/2005,0.8200000,"2,096.3647279",01/01/2005,31/01/2005,"2096,3647279","2079,3143503"
200412,122004,31/12/2004,0.3000000,"2,079.3143503",01/12/2004,31/12/2004,"2079,3143503","2073,0950651"
200411,112004,30/11/2004,0.2800000,"2,073.0950651",01/11/2004,30/11/2004,"2073,0950651","2067,3066066"
200410,102004,31/10/2004,-0.0100000,"2,067.3066066",01/10/2004,31/10/2004,"2067,3066066","2067,5133579"
200409,092004,30/09/2004,0.3000000,"2,067.5133579",01/09/2004,30/09/2004,"2067,5133579","2061,3293698"
200408,082004,31/08/2004,0.0300000,"2,061.3293698",01/08/2004,31/08/2004,"2061,3293698","2060,7111565"
200407,072004,31/07/2004,-0.0300000,"2,060.7111565",01/07/2004,31/07/2004,"2060,7111565","2061,3295553"
200406,062004,30/06/2004,0.6000000,"2,061.3295553",01/06/2004,30/06/2004,"2061,3295553","2049,0353433"
200405,052004,31/05/2004,0.3800000,"2,049.0353433",01/05/2004,31/05/2004,"2049,0353433","2041,2784850"
200404,042004,30/04/2004,0.4600000,"2,041.2784850",01/04/2004,30/04/2004,"2041,2784850","2031,9315997"
200403,032004,31/03/2004,0.9800000,"2,031.9315997",01/03/2004,31/03/2004,"2031,9315997","2012,2119228"
200402,022004,29/02/2004,1.2000000,"2,012.2119228",01/02/2004,29/2/2004,"2012,2119228","1988,3517024"
200401,012004,31/01/2004,0.8900000,"1,988.3517024",01/01/2004,31/01/2004,"1988,3517024","1970,8114802"
200312,122003,31/12/2003,0.6100000,"1,970.8114802",01/12/2003,31/12/2003,"1970,8114802","1958,8624195"
200311,112003,30/11/2003,0.3500000,"1,958.8624195",01/11/2003,30/11/2003,"1958,8624195","1952,0303134"
200310,102003,31/10/2003,0.0600000,"1,952.0303134",01/10/2003,31/10/2003,"1952,0303134","1950,8597975"
200309,092003,30/09/2003,0.2200000,"1,950.8597975",01/09/2003,30/09/2003,"1950,8597975","1946,5773274"
200308,082003,31/08/2003,0.3100000,"1,946.5773274",01/08/2003,31/08/2003,"1946,5773274","1940,5615864"
200307,072003,31/07/2003,-0.1400000,"1,940.5615864",01/07/2003,31/07/2003,"1940,5615864","1943,2821815"
200306,062003,30/06/2003,-0.0500000,"1,943.2821815",01/06/2003,30/06/2003,"1943,2821815","1944,2543087"
200305,052003,31/05/2003,0.4900000,"1,944.2543087",01/05/2003,31/05/2003,"1944,2543087","1934,7739165"
200304,042003,30/04/2003,1.1500000,"1,934.7739165",01/04/2003,30/04/2003,"1934,7739165","1912,7769812"
200303,032003,31/03/2003,1.0500000,"1,912.7769812",01/03/2003,31/03/2003,"1912,7769812","1892,9015153"
200302,022003,28/02/2003,1.1100000,"1,892.9015153",01/02/2003,28/02/2003,"1892,9015153","1872,1209725"
200301,012003,31/01/2003,1.1700000,"1,872.1209725",01/01/2003,31/01/2003,"1872,1209725","1850,4704680"
200212,122002,31/12/2002,0.2700000,"1,850.4704680",01/12/2002,31/12/2002,"1850,4704680","1845,4876513"
200211,112002,30/11/2002,0.7800000,"1,845.4876513",01/11/2002,30/11/2002,"1845,4876513","1831,2042581"
200210,102002,31/10/2002,0.5600000,"1,831.2042581",01/10/2002,31/10/2002,"1831,2042581","1821,0066211"
200209,092002,30/09/2002,0.3600000,"1,821.0066211",01/09/2002,30/09/2002,"1821,0066211","1814,4745128"
200208,082002,31/08/2002,0.0900000,"1,814.4745128",01/08/2002,31/08/2002,"1814,4745128","1812,8429541"
200207,072002,31/07/2002,0.0200000,"1,812.8429541",01/07/2002,31/07/2002,"1812,8429541","1812,4804581"
200206,062002,30/06/2002,0.4300000,"1,812.4804581",01/06/2002,30/06/2002,"1812,4804581","1804,7201614"
200205,052002,31/05/2002,0.6000000,"1,804.7201614",01/05/2002,31/05/2002,"1804,7201614","1793,9564228"
200204,042002,30/04/2002,0.9200000,"1,793.9564228",01/04/2002,30/04/2002,"1793,9564228","1777,6024800"
200203,032002,31/03/2002,0.7100000,"1,777.6024800",01/03/2002,31/03/2002,"1777,6024800","1765,0704796"
200202,022002,28/02/2002,1.2600000,"1,765.0704796",01/02/2002,28/02/2002,"1765,0704796","1743,1073273"
200201,012002,31/01/2002,0.8000000,"1,743.1073273",01/01/2002,31/01/2002,"1743,1073273","1729,2731421"
200112,122001,31/12/2001,0.3400000,"1,729.2731421",01/12/2001,31/12/2001,"1729,2731421","1723,4135361"
200111,112001,30/11/2001,0.1200000,"1,723.4135361",01/11/2001,30/11/2001,"1723,4135361","1721,3479186"
200110,102001,31/10/2001,0.1900000,"1,721.3479186",01/10/2001,31/10/2001,"1721,3479186","1718,0835599"
200109,092001,30/09/2001,0.3700000,"1,718.0835599",01/09/2001,30/09/2001,"1718,0835599","1711,7500845"
200108,082001,31/08/2001,0.2600000,"1,711.7500845",01/08/2001,31/08/2001,"1711,7500845","1707,3110757"
200107,072001,31/07/2001,0.1100000,"1,707.3110757",01/07/2001,31/07/2001,"1707,3110757","1705,4350971"
200106,062001,30/06/2001,0.0400000,"1,705.4350971",01/06/2001,30/06/2001,"1705,4350971","1704,7531959"
200105,052001,31/05/2001,0.4200000,"1,704.7531959",01/05/2001,31/05/2001,"1704,7531959","1697,6231785"
200104,042001,30/04/2001,1.1500000,"1,697.6231785",01/04/2001,30/04/2001,"1697,6231785","1678,3224701"
200103,032001,31/03/2001,1.4800000,"1,678.3224701",01/03/2001,31/03/2001,"1678,3224701","1653,8455559"
200102,022001,28/02/2001,1.8900000,"1,653.8455559",01/02/2001,28/02/2001,"1653,8455559","1623,1676866"
200101,012001,31/01/2001,1.0500000,"1,623.1676866",01/01/2001,31/01/2001,"1623,1676866","1606,3015206"
200012,122000,31/12/2000,0.4600000,"1,606.3015206",01/12/2000,31/12/2000,"1606,3015206","1598,9463673"
200011,112000,30/11/2000,0.3300000,"1,598.9463673",01/11/2000,30/11/2000,"1598,9463673","1593,6871996"
200010,102000,31/10/2000,0.1500000,"1,593.6871996",01/10/2000,31/10/2000,"1593,6871996","1591,3002492"
200009,092000,30/09/2000,0.4300000,"1,591.3002492",01/09/2000,30/09/2000,"1591,3002492","1584,4869553"
200008,082000,31/08/2000,0.3200000,"1,584.4869553",01/08/2000,31/08/2000,"1584,4869553","1579,4327704"
200007,072000,31/07/2000,-0.0400000,"1,579.4327704",01/07/2000,31/07/2000,"1579,4327704","1580,0647964"
200006,062000,30/06/2000,-0.0200000,"1,580.0647964",01/06/2000,30/06/2000,"1580,0647964","1580,3808725"
200005,052000,31/05/2000,0.5200000,"1,580.3808725",01/05/2000,31/05/2000,"1580,3808725","1572,2054044"
200004,042000,30/04/2000,1.0000000,"1,572.2054044",01/04/2000,30/04/2000,"1572,2054044","1556,6390143"
200003,032000,31/03/2000,1.7100000,"1,556.6390143",01/03/2000,31/03/2000,"1556,6390143","1530,4680113"
200002,022000,29/02/2000,2.3000000,"1,530.4680113",01/02/2000,29/2/2000,"1530,4680113","1496,0586621"
200001,012000,31/01/2000,1.2900000,"1,496.0586621",01/01/2000,31/01/2000,"1496,0586621","1477,0052938"
199912,121999,31/12/1999,0.5300000,"1,477.0052938",01/12/1999,31/12/1999,"1477,0052938","1469,2184361"
199911,111999,30/11/1999,0.4800000,"1,469.2184361",01/11/1999,30/11/1999,"1469,2184361","1462,1998767"
199910,101999,31/10/1999,0.3500000,"1,462.1998767",01/10/1999,31/10/1999,"1462,1998767","1457,1000266"
199909,091999,30/09/1999,0.3300000,"1,457.1000266",01/09/1999,30/09/1999,"1457,1000266","1452,3074121"
199908,081999,31/08/1999,0.5000000,"1,452.3074121",01/08/1999,31/08/1999,"1452,3074121","1445,0820021"
199907,071999,31/07/1999,0.3100000,"1,445.0820021",01/07/1999,31/07/1999,"1445,0820021","1440,6160922"
199906,061999,30/06/1999,0.2800000,"1,440.6160922",01/06/1999,30/06/1999,"1440,6160922","1436,5936300"
199905,051999,31/05/1999,0.4800000,"1,436.5936300",01/05/1999,31/05/1999,"1436,5936300","1429,7309216"
199904,041999,30/04/1999,0.7800000,"1,429.7309216",01/04/1999,30/04/1999,"1429,7309216","1418,6653320"
199903,031999,31/03/1999,0.9400000,"1,418.6653320",01/03/1999,31/03/1999,"1418,6653320","1405,4540638"
199902,021999,28/02/1999,1.7000000,"1,405.4540638",01/02/1999,28/02/1999,"1405,4540638","1381,9607314"
199901,011999,31/01/1999,2.2100000,"1,381.9607314",01/01/1999,31/01/1999,"1381,9607314","1352,0797685"
199812,121998,31/12/1998,0.9100000,"1,352.0797685",01/12/1998,31/12/1998,"1352,0797685","1339,8867986"
199811,111998,30/11/1998,0.1700000,"1,339.8867986",01/11/1998,30/11/1998,"1339,8867986","1337,6128568"
199810,101998,31/10/1998,0.3500000,"1,337.6128568",01/10/1998,31/10/1998,"1337,6128568","1332,9475404"
199809,091998,30/09/1998,0.2900000,"1,332.9475404",01/09/1998,30/09/1998,"1332,9475404","1329,0931702"
199808,081998,31/08/1998,0.0300000,"1,329.0931702",01/08/1998,31/08/1998,"1329,0931702","1328,6945618"
199807,071998,31/07/1998,0.4700000,"1,328.6945618",01/07/1998,31/07/1998,"1328,6945618","1322,4789110"
199806,061998,30/06/1998,1.2200000,"1,322.4789110",01/06/1998,30/06/1998,"1322,4789110","1306,5391335"
199805,051998,31/05/1998,1.5600000,"1,306.5391335",01/05/1998,31/05/1998,"1306,5391335","1286,4701984"
199804,041998,30/04/1998,2.9000000,"1,286.4701984",01/04/1998,30/04/1998,"1286,4701984","1250,2139926"
199803,031998,31/03/1998,2.6000000,"1,250.2139926",01/03/1998,31/03/1998,"1250,2139926","1218,5321566"
199802,021998,28/02/1998,3.2800000,"1,218.5321566",01/02/1998,28/02/1998,"1218,5321566","1179,8336140"
199801,011998,31/01/1998,1.7900000,"1,179.8336140",01/01/1998,31/01/1998,"1179,8336140","1159,0859751"
199712,121997,31/12/1997,0.6100000,"1,159.0859751",01/12/1997,31/12/1997,"1159,0859751","1152,0584187"
199711,111997,30/11/1997,0.8100000,"1,152.0584187",01/11/1997,30/11/1997,"1152,0584187","1142,8017248"
199710,101997,31/10/1997,0.9600000,"1,142.8017248",01/10/1997,31/10/1997,"1142,8017248","1131,9351473"
199709,091997,30/09/1997,1.2600000,"1,131.9351473",01/09/1997,30/09/1997,"1131,9351473","1117,8502344"
199708,081997,31/08/1997,1.1400000,"1,117.8502344",01/08/1997,31/08/1997,"1117,8502344","1105,2503800"
199707,071997,31/07/1997,0.8300000,"1,105.2503800",01/07/1997,31/07/1997,"1105,2503800","1096,1523158"
199706,061997,30/06/1997,1.2000000,"1,096.1523158",01/06/1997,30/06/1997,"1096,1523158","1083,1544623"
199705,051997,31/05/1997,1.6200000,"1,083.1544623",01/05/1997,31/05/1997,"1083,1544623","1065,8870914"
199704,041997,30/04/1997,1.6200000,"1,065.8870914",01/04/1997,30/04/1997,"1065,8870914","1048,8949925"
199703,031997,31/03/1997,1.5500000,"1,048.8949925",01/03/1997,31/03/1997,"1048,8949925","1032,8852708"
199702,021997,28/02/1997,3.1100000,"1,032.8852708",01/02/1997,28/02/1997,"1032,8852708","1001,7314236"
199701,011997,31/01/1997,1.6500000,"1,001.7314236",01/01/1997,31/01/1997,"1001,7314236","985,4711496"
199612,121996,31/12/1996,0.7200000,985.4711496,01/12/1996,31/12/1996,"985,4711496","978,4264789"
199611,111996,30/11/1996,0.8000000,978.4264789,01/11/1996,30/11/1996,"978,4264789","970,6611894"
199610,101996,31/10/1996,1.1500000,970.6611894,01/10/1996,31/10/1996,"970,6611894","959,6254962"
199609,091996,30/09/1996,1.1900000,959.6254962,01/09/1996,30/09/1996,"959,6254962","948,3402473"
199608,081996,31/08/1996,1.1000000,948.3402473,01/08/1996,31/08/1996,"948,3402473","938,0220052"
199607,071996,31/07/1996,1.5100000,938.0220052,01/07/1996,31/07/1996,"938,0220052","924,0685698"
199606,061996,30/06/1996,1.1400000,924.0685698,01/06/1996,30/06/1996,"924,0685698","913,6529264"
199605,051996,31/05/1996,1.5500000,913.6529264,01/05/1996,31/05/1996,"913,6529264","899,7074608"
199604,041996,30/04/1996,1.9700000,899.7074608,01/04/1996,30/04/1996,"899,7074608","882,3256456"
199603,031996,31/03/1996,2.1000000,882.3256456,01/03/1996,31/03/1996,"882,3256456","864,1779095"
199602,021996,29/02/1996,4.0100000,864.1779095,01/02/1996,29/2/1996,"864,1779095","830,8604072"
199601,011996,31/01/1996,2.5100000,830.8604072,01/01/1996,31/01/1996,"830,8604072","810,5164444"
199512,121995,31/12/1995,0.9200000,810.5164444,01/12/1995,31/12/1995,"810,5164444","803,1276698"
199511,111995,30/11/1995,0.7900000,803.1276698,01/11/1995,30/11/1995,"803,1276698","796,8326916"
199510,101995,31/10/1995,0.8800000,796.8326916,01/10/1995,31/10/1995,"796,8326916","789,8817323"
199509,091995,30/09/1995,0.8400000,789.8817323,01/09/1995,30/09/1995,"789,8817323","783,3019956"
199508,081995,31/08/1995,0.6300000,783.3019956,01/08/1995,31/08/1995,"783,3019956","778,3980876"
199507,071995,31/07/1995,0.7700000,778.3980876,01/07/1995,31/07/1995,"778,3980876","772,4502209"
199506,061995,30/06/1995,1.2000000,772.4502209,01/06/1995,30/06/1995,"772,4502209","763,2907321"
199505,051995,31/05/1995,1.6500000,763.2907321,01/05/1995,31/05/1995,"763,2907321","750,9008678"
199504,041995,30/04/1995,2.2300000,750.9008678,01/04/1995,30/04/1995,"750,9008678","734,5210484"
199503,031995,31/03/1995,2.6100000,734.5210484,01/03/1995,31/03/1995,"734,5210484","715,8376849"
199502,021995,28/02/1995,3.5200000,715.8376849,01/02/1995,28/02/1995,"715,8376849","691,4969908"
199501,011995,31/01/1995,1.8400000,691.4969908,01/01/1995,31/01/1995,"691,4969908","679,0033295"
199412,121994,31/12/1994,1.4900000,679.0033295,01/12/1994,31/12/1994,"679,0033295","669,0347123"
199411,111994,30/11/1994,1.1100000,669.0347123,01/11/1994,30/11/1994,"669,0347123","661,6899538"
199410,101994,31/10/1994,1.1100000,661.6899538,01/10/1994,31/10/1994,"661,6899538","654,4258271"
199409,091994,30/09/1994,1.0900000,654.4258271,01/09/1994,30/09/1994,"654,4258271","647,3694996"
199408,081994,31/08/1994,0.9700000,647.3694996,01/08/1994,31/08/1994,"647,3694996","641,1503413"
199407,071994,31/07/1994,0.9100000,641.1503413,01/07/1994,31/07/1994,"641,1503413","635,3684880"
199406,061994,30/06/1994,0.9000000,635.3684880,01/06/1994,30/06/1994,"635,3684880","629,7011774"
199405,051994,31/05/1994,1.5400000,629.7011774,01/05/1994,31/05/1994,"629,7011774","620,1508543"
199404,041994,30/04/1994,2.3700000,620.1508543,01/04/1994,30/04/1994,"620,1508543","605,7935472"
199403,031994,31/03/1994,2.2100000,605.7935472,01/03/1994,31/03/1994,"605,7935472","592,6949880"
199402,021994,28/02/1994,3.6800000,592.6949880,01/02/1994,28/02/1994,"592,6949880","571,6579745"
199401,011994,31/01/1994,3.1500000,571.6579745,01/01/1994,31/01/1994,"571,6579745","554,2006539"
199312,121993,31/12/1993,1.1300000,554.2006539,01/12/1993,31/12/1993,"554,2006539","548,0081617"
199311,111993,30/11/1993,1.2900000,548.0081617,01/11/1993,30/11/1993,"548,0081617","541,0288890"
199310,101993,31/10/1993,1.0600000,541.0288890,01/10/1993,31/10/1993,"541,0288890","535,3541352"
199309,091993,30/09/1993,1.1200000,535.3541352,01/09/1993,30/09/1993,"535,3541352","529,4245799"
199308,081993,31/08/1993,1.2500000,529.4245799,01/08/1993,31/08/1993,"529,4245799","522,8884740"
199307,071993,31/07/1993,1.2300000,522.8884740,01/07/1993,31/07/1993,"522,8884740","516,5350923"
199306,061993,30/06/1993,1.5400000,516.5350923,01/06/1993,30/06/1993,"516,5350923","508,7010955"
199305,051993,31/05/1993,1.6000000,508.7010955,01/05/1993,31/05/1993,"508,7010955","500,6900546"
199304,041993,30/04/1993,1.9400000,500.6900546,01/04/1993,30/04/1993,"500,6900546","491,1615211"
199303,031993,31/03/1993,1.8700000,491.1615211,01/03/1993,31/03/1993,"491,1615211","482,1454021"
199302,021993,28/02/1993,3.2500000,482.1454021,01/02/1993,28/02/1993,"482,1454021","466,9689124"
199301,011993,31/01/1993,3.2400000,466.9689124,01/01/1993,31/01/1993,"466,9689124","452,3139407"
199212,121992,31/12/1992,0.9400000,452.3139407,01/12/1992,31/12/1992,"452,3139407","448,1017840"
199211,111992,30/11/1992,0.7200000,448.1017840,01/11/1992,30/11/1992,"448,1017840","444,8985147"
199210,101992,31/10/1992,0.8500000,444.8985147,01/10/1992,31/10/1992,"444,8985147","441,1487503"
199209,091992,30/09/1992,0.8300000,441.1487503,01/09/1992,30/09/1992,"441,1487503","437,5173562"
199208,081992,31/08/1992,0.7500000,437.5173562,01/08/1992,31/08/1992,"437,5173562","434,2604032"
199207,071992,31/07/1992,1.9900000,434.2604032,01/07/1992,31/07/1992,"434,2604032","425,7872372"
199206,061992,30/06/1992,2.2400000,425.7872372,01/06/1992,30/06/1992,"425,7872372","416,4585653"
199205,051992,31/05/1992,2.3200000,416.4585653,01/05/1992,31/05/1992,"416,4585653","407,0157988"
199204,041992,30/04/1992,2.8500000,407.0157988,01/04/1992,30/04/1992,"407,0157988","395,7372861"
199203,031992,31/03/1992,2.3100000,395.7372861,01/03/1992,31/03/1992,"395,7372861","386,8021563"
199202,021992,29/02/1992,3.3400000,386.8021563,01/02/1992,29/2/1992,"386,8021563","374,3005190"
199201,011992,31/01/1992,3.4900000,374.3005190,01/01/1992,31/01/1992,"374,3005190","361,6779582"
199112,121991,31/12/1991,1.4000000,361.6779582,01/12/1991,31/12/1991,"361,6779582","356,6843770"
199111,111991,30/11/1991,1.2200000,356.6843770,01/11/1991,30/11/1991,"356,6843770","352,3852766"
199110,101991,31/10/1991,1.3200000,352.3852766,01/10/1991,31/10/1991,"352,3852766","347,7943906"
199109,091991,30/09/1991,1.4500000,347.7943906,01/09/1991,30/09/1991,"347,7943906","342,8234506"
199108,081991,31/08/1991,1.2700000,342.8234506,01/08/1991,31/08/1991,"342,8234506","338,5241933"
199107,071991,31/07/1991,1.8100000,338.5241933,01/07/1991,31/07/1991,"338,5241933","332,5058377"
199106,061991,30/06/1991,1.5800000,332.5058377,01/06/1991,30/06/1991,"332,5058377","327,3339611"
199105,051991,31/05/1991,2.2000000,327.3339611,01/05/1991,31/05/1991,"327,3339611","320,2876332"
199104,041991,30/04/1991,2.8000000,320.2876332,01/04/1991,30/04/1991,"320,2876332","311,5638455"
199103,031991,31/03/1991,2.5200000,311.5638455,01/03/1991,31/03/1991,"311,5638455","303,9054287"
199102,021991,28/02/1991,3.4100000,303.9054287,01/02/1991,28/02/1991,"303,9054287","293,8839848"
199101,011991,31/01/1991,3.0000000,293.8839848,01/01/1991,31/01/1991,"293,8839848","285,3242571"
199012,121990,31/12/1990,2.5200000,285.3242571,01/12/1990,31/12/1990,"285,3242571","278,3108243"
199011,111990,30/11/1990,2.0300000,278.3108243,01/11/1990,30/11/1990,"278,3108243","272,7735218"
199010,101990,31/10/1990,1.9200000,272.7735218,01/10/1990,31/10/1990,"272,7735218","267,6349312"
199009,091990,30/09/1990,2.3700000,267.6349312,01/09/1990,30/09/1990,"267,6349312","261,4388309"
199008,081990,31/08/1990,1.5800000,261.4388309,01/08/1990,31/08/1990,"261,4388309","257,3723478"
199007,071990,31/07/1990,1.3500000,257.3723478,01/07/1990,31/07/1990,"257,3723478","253,9441024"
199006,061990,30/06/1990,1.9500000,253.9441024,01/06/1990,30/06/1990,"253,9441024","249,0869077"
199005,051990,31/05/1990,1.9500000,249.0869077,01/05/1990,31/05/1990,"249,0869077","244,3226167"
199004,041990,30/04/1990,2.8100000,244.3226167,01/04/1990,30/04/1990,"244,3226167","237,6447978"
199003,031990,31/03/1990,2.8900000,237.6447978,01/03/1990,31/03/1990,"237,6447978","230,9697714"
199002,021990,28/02/1990,3.6600000,230.9697714,01/02/1990,28/02/1990,"230,9697714","222,8147515"
199001,011990,31/01/1990,3.3000000,222.8147515,01/01/1990,31/01/1990,"222,8147515","215,6967585"
198912,121989,31/12/1989,1.4400000,215.6967585,01/12/1989,31/12/1989,"215,6967585","212,6348171"
198911,111989,30/11/1989,1.7800000,212.6348171,01/11/1989,30/11/1989,"212,6348171","208,9161104"
198910,101989,31/10/1989,1.6000000,208.9161104,01/10/1989,31/10/1989,"208,9161104","205,6260929"
198909,091989,30/09/1989,1.3900000,205.6260929,01/09/1989,30/09/1989,"205,6260929","202,8070746"
198908,081989,31/08/1989,1.3800000,202.8070746,01/08/1989,31/08/1989,"202,8070746","200,0464338"
198907,071989,31/07/1989,1.5400000,200.0464338,01/07/1989,31/07/1989,"200,0464338","197,0124422"
198906,061989,30/06/1989,1.3700000,197.0124422,01/06/1989,30/06/1989,"197,0124422","194,3498492"
198905,051989,31/05/1989,1.7500000,194.3498492,01/05/1989,31/05/1989,"194,3498492","191,0072228"
198904,041989,30/04/1989,2.5300000,191.0072228,01/04/1989,30/04/1989,"191,0072228","186,2939850"
198903,031989,31/03/1989,2.4800000,186.2939850,01/03/1989,31/03/1989,"186,2939850","181,7856997"
198902,021989,28/02/1989,3.3200000,181.7856997,01/02/1989,28/02/1989,"181,7856997","175,9443473"
198901,011989,31/01/1989,2.8300000,175.9443473,01/01/1989,31/01/1989,"175,9443473","171,1021563"
198812,121988,31/12/1988,2.22300000,171.1021563,01/12/1988,31/12/1988,"171,1021563","167,3698095"
198811,111988,30/11/1988,1.13900000,167.3698095,01/11/1988,30/11/1988,"167,3698095","165,0752634"
198810,101988,31/10/1988,1.15600000,165.0752634,01/10/1988,31/10/1988,"165,0752634","162,5396449"
198809,091988,30/09/1988,0.7100000,162.5396449,01/09/1988,30/09/1988,"162,5396449","161,3937493"
198808,081988,31/08/1988,-0.1800000,161.3937493,01/08/1988,31/08/1988,"161,3937493","161,6847819"
198807,071988,31/07/1988,1.14500000,161.6847819,01/07/1988,31/07/1988,"161,6847819","159,3738609"
198806,061988,30/06/1988,2.24000000,159.3738609,01/06/1988,30/06/1988,"159,3738609","155,6385361"
198805,051988,31/05/1988,1.17300000,155.6385361,01/05/1988,31/05/1988,"155,6385361","152,9917783"
198804,041988,30/04/1988,3.39100000,152.9917783,01/04/1988,30/04/1988,"152,9917783","147,2348939"
198803,031988,31/03/1988,2.28900000,147.2348939,01/03/1988,31/03/1988,"147,2348939","143,0993235"
198802,021988,29/02/1988,4.40300000,143.0993235,01/02/1988,29/2/1988,"143,0993235","137,5558238"
198801,011988,31/01/1988,3.30000000,137.5558238,01/01/1988,31/01/1988,"137,5558238","133,5493435"
198712,121987,31/12/1987,1.18700000,133.5493435,01/12/1987,31/12/1987,"133,5493435","131,0978144"
198711,111987,30/11/1987,2.21100000,131.0978144,01/11/1987,30/11/1987,"131,0978144","128,3888105"
198710,101987,31/10/1987,1.18800000,128.3888105,01/10/1987,31/10/1987,"128,3888105","126,0196412"
198709,091987,30/09/1987,1.12200000,126.0196412,01/09/1987,30/09/1987,"126,0196412","124,5007323"
198708,081987,31/08/1987,0.2900000,124.5007323,01/08/1987,31/08/1987,"124,5007323","124,1407242"
198707,071987,31/07/1987,1.14600000,124.1407242,01/07/1987,31/07/1987,"124,1407242","122,3543507"
198706,061987,30/06/1987,0.9600000,122.3543507,01/06/1987,30/06/1987,"122,3543507","121,1909178"
198705,051987,31/05/1987,1.17000000,121.1909178,01/05/1987,31/05/1987,"121,1909178","119,1651110"
198704,041987,30/04/1987,2.22500000,119.1651110,01/04/1987,30/04/1987,"119,1651110","116,5428958"
198703,031987,31/03/1987,2.27100000,116.5428958,01/03/1987,31/03/1987,"116,5428958","113,4679153"
198702,021987,28/02/1987,2.20300000,113.4679153,01/02/1987,28/02/1987,"113,4679153","111,2103453"
198701,011987,31/01/1987,3.32700000,111.2103453,01/01/1987,31/01/1987,"111,2103453","107,6889177"
198612,121986,31/12/1986,2.24500000,107.6889177,01/12/1986,31/12/1986,"107,6889177","105,1136337"
198611,111986,30/11/1986,2.21700000,105.1136337,01/11/1986,30/11/1986,"105,1136337","102,8811135"
198610,101986,31/10/1986,2.20600000,102.8811135,01/10/1986,31/10/1986,"102,8811135","100,8045400"
198609,091986,30/09/1986,1.14300000,100.8045400,01/09/1986,30/09/1986,"100,8045400","99,3833580"
198608,081986,31/08/1986,1.14000000,99.3833580,01/08/1986,31/08/1986,"99,3833580","98,0112011"
198607,071986,31/07/1986,-0.0100000,98.0112011,01/07/1986,31/07/1986,"98,0112011","98,0210032"
198606,061986,30/06/1986,-0.7300000,98.0210032,01/06/1986,30/06/1986,"98,0210032","98,7418185"
198605,051986,31/05/1986,-0.7200000,98.7418185,01/05/1986,31/05/1986,"98,7418185","99,4579155"
198604,041986,30/04/1986,2.27300000,99.4579155,01/04/1986,30/04/1986,"99,4579155","96,8148696"
198603,031986,31/03/1986,2.22100000,96.8148696,01/03/1986,31/03/1986,"96,8148696","94,7215239"
198602,021986,28/02/1986,3.31500000,94.7215239,01/02/1986,28/02/1986,"94,7215239","91,8289131"
198601,011986,31/01/1986,3.31500000,91.8289131,01/01/1986,31/01/1986,"91,8289131","89,0246371"
198512,121985,31/12/1985,1.12600000,89.0246371,01/12/1985,31/12/1985,"89,0246371","87,9168843"
198511,111985,30/11/1985,0.9900000,87.9168843,01/11/1985,30/11/1985,"87,9168843","87,0550394"
198510,101985,31/10/1985,0.8700000,87.0550394,01/10/1985,31/10/1985,"87,0550394","86,3041929"
198509,091985,30/09/1985,0.8900000,86.3041929,01/09/1985,30/09/1985,"86,3041929","85,5428615"
198508,081985,31/08/1985,-0.4000000,85.5428615,01/08/1985,31/08/1985,"85,5428615","85,8864071"
198507,071985,31/07/1985,-0.5800000,85.8864071,01/07/1985,31/07/1985,"85,8864071","86,3874543"
198506,061985,30/06/1985,1.18400000,86.3874543,01/06/1985,30/06/1985,"86,3874543","84,8266441"
198505,051985,31/05/1985,4.45200000,84.8266441,01/05/1985,31/05/1985,"84,8266441","81,1582894"
198504,041985,30/04/1985,2.28100000,81.1582894,01/04/1985,30/04/1985,"81,1582894","78,9400733"
198503,031985,31/03/1985,3.31100000,78.9400733,01/03/1985,31/03/1985,"78,9400733","76,5590858"
198502,021985,28/02/1985,3.30000000,76.5590858,01/02/1985,28/02/1985,"76,5590858","74,3292095"
198501,011985,31/01/1985,2.22400000,74.3292095,01/01/1985,31/01/1985,"74,3292095","72,7007135"
198412,121984,31/12/1984,2.21300000,72.7007135,01/12/1984,31/12/1984,"72,7007135","71,1844840"
198411,111984,30/11/1984,2.20400000,71.1844840,01/11/1984,30/11/1984,"71,1844840","69,7613524"
198410,101984,31/10/1984,0.5700000,69.7613524,01/10/1984,31/10/1984,"69,7613524","69,3659664"
198409,091984,30/09/1984,1.11000000,69.3659664,01/09/1984,30/09/1984,"69,3659664","68,6112427"
198408,081984,31/08/1984,0.3800000,68.6112427,01/08/1984,31/08/1984,"68,6112427","68,3515070"
198407,071984,31/07/1984,1.12200000,68.3515070,01/07/1984,31/07/1984,"68,3515070","67,5276694"
198406,061984,30/06/1984,1.16100000,67.5276694,01/06/1984,30/06/1984,"67,5276694","66,4577005"
198405,051984,31/05/1984,1.14000000,66.4577005,01/05/1984,31/05/1984,"66,4577005","65,5401385"
198404,041984,30/04/1984,1.19900000,65.5401385,01/04/1984,30/04/1984,"65,5401385","64,2613379"
198403,031984,31/03/1984,1.17800000,64.2613379,01/03/1984,31/03/1984,"64,2613379","63,1374906"
198402,021984,29/02/1984,1.13400000,63.1374906,01/02/1984,29/2/1984,"63,1374906","62,3026353"
198401,011984,31/01/1984,1.13900000,62.3026353,01/01/1984,31/01/1984,"62,3026353","61,4485011"
198312,121983,31/12/1983,0.4900000,61.4485011,01/12/1983,31/12/1983,"61,4485011","61,1488716"
198311,111983,30/11/1983,1.10500000,61.1488716,01/11/1983,30/11/1983,"61,1488716","60,5134801"
198310,101983,31/10/1983,1.16500000,60.5134801,01/10/1983,31/10/1983,"60,5134801","59,5312150"
198309,091983,30/09/1983,0.8200000,59.5312150,01/09/1983,30/09/1983,"59,5312150","59,0470294"
198308,081983,31/08/1983,-0.0800000,59.0470294,01/08/1983,31/08/1983,"59,0470294","59,0943048"
198307,071983,31/07/1983,0.7900000,59.0943048,01/07/1983,31/07/1983,"59,0943048","58,6311190"
198306,061983,30/06/1983,0.7200000,58.6311190,01/06/1983,30/06/1983,"58,6311190","58,2119926"
198305,051983,31/05/1983,2.25200000,58.2119926,01/05/1983,31/05/1983,"58,2119926","56,7811087"
198304,041983,30/04/1983,3.30600000,56.7811087,01/04/1983,30/04/1983,"56,7811087","55,0951957"
198303,031983,31/03/1983,2.22700000,55.0951957,01/03/1983,31/03/1983,"55,0951957","53,8722946"
198302,021983,28/02/1983,1.11800000,53.8722946,01/02/1983,28/02/1983,"53,8722946","53,2440152"
198301,011983,31/01/1983,1.10500000,53.2440152,01/01/1983,31/01/1983,"53,2440152","52,6907622"
198212,121982,31/12/1982,0.8400000,52.6907622,01/12/1982,31/12/1982,"52,6907622","52,2518467"
198211,111982,30/11/1982,1.11900000,52.2518467,01/11/1982,30/11/1982,"52,2518467","51,6373621"
198210,101982,31/10/1982,1.18400000,51.6373621,01/10/1982,31/10/1982,"51,6373621","50,7044011"
198209,091982,30/09/1982,1.15900000,50.7044011,01/09/1982,30/09/1982,"50,7044011","49,9108191"
198208,081982,31/08/1982,1.12000000,49.9108191,01/08/1982,31/08/1982,"49,9108191","49,3189912"
198207,071982,31/07/1982,1.13200000,49.3189912,01/07/1982,31/07/1982,"49,3189912","48,6764619"
198206,061982,30/06/1982,2.22300000,48.6764619,01/06/1982,30/06/1982,"48,6764619","47,6146551"
198205,051982,31/05/1982,2.26400000,47.6146551,01/05/1982,31/05/1982,"47,6146551","46,3899602"
198204,041982,30/04/1982,2.25800000,46.3899602,01/04/1982,30/04/1982,"46,3899602","45,2232016"
198203,031982,31/03/1982,2.23000000,45.2232016,01/03/1982,31/03/1982,"45,2232016","44,2064531"
198202,021982,28/02/1982,2.21700000,44.2064531,01/02/1982,28/02/1982,"44,2064531","43,2675474"
198201,011982,31/01/1982,1.18300000,43.2675474,01/01/1982,31/01/1982,"43,2675474","42,4899807"
198112,121981,31/12/1981,1.14600000,42.4899807,01/12/1981,31/12/1981,"42,4899807","41,8785538"
198111,111981,30/11/1981,1.15700000,41.8785538,01/11/1981,30/11/1981,"41,8785538","41,2312236"
198110,101981,31/10/1981,1.12400000,41.2312236,01/10/1981,31/10/1981,"41,2312236","40,7262185"
198109,091981,30/09/1981,0.7200000,40.7262185,01/09/1981,30/09/1981,"40,7262185","40,4350859"
198108,081981,31/08/1981,1.12700000,40.4350859,01/08/1981,31/08/1981,"40,4350859","39,9280003"
198107,071981,31/07/1981,1.18500000,39.9280003,01/07/1981,31/07/1981,"39,9280003","39,2027494"
198106,061981,30/06/1981,2.27200000,39.2027494,01/06/1981,30/06/1981,"39,2027494","38,1646704"
198105,051981,31/05/1981,2.26300000,38.1646704,01/05/1981,31/05/1981,"38,1646704","37,1866612"
198104,041981,30/04/1981,2.23800000,37.1866612,01/04/1981,30/04/1981,"37,1866612","36,3221930"
198103,031981,31/03/1981,2.27500000,36.3221930,01/03/1981,31/03/1981,"36,3221930","35,3500662"
198102,021981,28/02/1981,2.29300000,35.3500662,01/02/1981,28/02/1981,"35,3500662","34,3437931"
198101,011981,31/01/1981,2.20900000,34.3437931,01/01/1981,31/01/1981,"34,3437931","33,6407024"
198012,121980,31/12/1980,1.13700000,33.6407024,01/12/1980,31/12/1980,"33,6407024","33,1860534"
198011,111980,30/11/1980,2.21700000,33.1860534,01/11/1980,30/11/1980,"33,1860534","32,4812112"
198010,101980,31/10/1980,2.22200000,32.4812112,01/10/1980,31/10/1980,"32,4812112","31,7757887"
198009,091980,30/09/1980,1.16600000,31.7757887,01/09/1980,30/09/1980,"31,7757887","31,2569237"
198008,081980,31/08/1980,0.8000000,31.2569237,01/08/1980,31/08/1980,"31,2569237","31,0088529"
198007,071980,31/07/1980,1.10100000,31.0088529,01/07/1980,31/07/1980,"31,0088529","30,6987951"
198006,061980,30/06/1980,1.12300000,30.6987951,01/06/1980,30/06/1980,"30,6987951","30,3257879"
198005,051980,31/05/1980,3.34700000,30.3257879,01/05/1980,31/05/1980,"30,3257879","29,3087734"
198004,041980,30/04/1980,3.38200000,29.3087734,01/04/1980,30/04/1980,"29,3087734","28,2303732"
198003,031980,31/03/1980,2.21000000,28.2303732,01/03/1980,31/03/1980,"28,2303732","27,6497289"
198002,021980,29/02/1980,1.10600000,27.6497289,01/02/1980,29/2/1980,"27,6497289","27,3597159"
198001,011980,31/01/1980,2.23300000,27.3597159,01/01/1980,31/01/1980,"27,3597159","26,7367496"
197912,121979,31/12/1979,1.16600000,26.7367496,01/12/1979,31/12/1979,"26,7367496","26,3001668"
197911,111979,30/11/1979,2.24200000,26.3001668,01/11/1979,30/11/1979,"26,3001668","25,6787413"
197910,101979,31/10/1979,1.13900000,25.6787413,01/10/1979,31/10/1979,"25,6787413","25,3267002"
197909,091979,30/09/1979,2.21800000,25.3267002,01/09/1979,30/09/1979,"25,3267002","24,7863576"
197908,081979,31/08/1979,1.17900000,24.7863576,01/08/1979,31/08/1979,"24,7863576","24,3504839"
197907,071979,31/07/1979,1.12900000,24.3504839,01/07/1979,31/07/1979,"24,3504839","24,0403632"
197906,061979,30/06/1979,1.16700000,24.0403632,01/06/1979,30/06/1979,"24,0403632","23,6454837"
197905,051979,31/05/1979,2.21500000,23.6454837,01/05/1979,31/05/1979,"23,6454837","23,1478058"
197904,041979,30/04/1979,1.18300000,23.1478058,01/04/1979,30/04/1979,"23,1478058","22,7318136"
197903,031979,31/03/1979,4.40900000,22.7318136,01/03/1979,31/03/1979,"22,7318136","21,8386143"
197902,021979,28/02/1979,1.18400000,21.8386143,01/02/1979,28/02/1979,"21,8386143","21,4440439"
197901,011979,31/01/1979,3.33000000,21.4440439,01/01/1979,31/01/1979,"21,4440439","20,7589970"
197812,121978,31/12/1978,1.13700000,20.7589970,01/12/1978,31/12/1978,"20,7589970","20,4784423"
197811,111978,30/11/1978,1.14000000,20.4784423,01/11/1978,30/11/1978,"20,4784423","20,1957025"
197810,101978,31/10/1978,2.20300000,20.1957025,01/10/1978,31/10/1978,"20,1957025","19,7938866"
197809,091978,30/09/1978,0.4000000,19.7938866,01/09/1978,30/09/1978,"19,7938866","19,7150265"
197808,081978,31/08/1978,0.1700000,19.7150265,01/08/1978,31/08/1978,"19,7150265","19,6815678"
197807,071978,31/07/1978,-0.2700000,19.6815678,01/07/1978,31/07/1978,"19,6815678","19,7348519"
197806,061978,30/06/1978,2.25300000,19.7348519,01/06/1978,30/06/1978,"19,7348519","19,2478806"
197805,051978,31/05/1978,2.23300000,19.2478806,01/05/1978,31/05/1978,"19,2478806","18,8096165"
197804,041978,30/04/1978,1.16000000,18.8096165,01/04/1978,30/04/1978,"18,8096165","18,5134021"
197803,031978,31/03/1978,3.32000000,18.5134021,01/03/1978,31/03/1978,"18,5134021","17,9393431"
197802,021978,28/02/1978,1.15000000,17.9393431,01/02/1978,28/02/1978,"17,9393431","17,6742296"
197801,011978,31/01/1978,1.10700000,17.6742296,01/01/1978,31/01/1978,"17,6742296","17,4871175"
197712,121977,31/12/1977,0.4700000,17.4871175,01/12/1977,31/12/1977,"17,4871175","17,4053125"
197711,111977,30/11/1977,0.1700000,17.4053125,01/11/1977,30/11/1977,"17,4053125","17,3757737"
197710,101977,31/10/1977,-0.2000000,17.3757737,01/10/1977,31/10/1977,"17,3757737","17,4105949"
197709,091977,30/09/1977,0.1600000,17.4105949,01/09/1977,30/09/1977,"17,4105949","17,3827824"
197708,081977,31/08/1977,-0.3000000,17.3827824,01/08/1977,31/08/1977,"17,3827824","17,4350877"
197707,071977,31/07/1977,0.9700000,17.4350877,01/07/1977,31/07/1977,"17,4350877","17,2675921"
197706,061977,30/06/1977,3.30700000,17.2675921,01/06/1977,30/06/1977,"17,2675921","16,7532668"
197705,051977,31/05/1977,4.43700000,16.7532668,01/05/1977,31/05/1977,"16,7532668","16,0518030"
197704,041977,30/04/1977,7.70700000,16.0518030,01/04/1977,30/04/1977,"16,0518030","14,9918773"
197703,031977,31/03/1977,4.40300000,14.9918773,01/03/1977,31/03/1977,"14,9918773","14,4111095"
197702,021977,28/02/1977,3.37700000,14.4111095,01/02/1977,28/02/1977,"14,4111095","13,8875489"
197701,011977,31/01/1977,2.22700000,13.8875489,01/01/1977,31/01/1977,"13,8875489","13,5792989"
197612,121976,31/12/1976,1.0000000,13.5792989,01/12/1976,31/12/1976,"13,5792989","13,4448504"
197611,111976,30/11/1976,2.24700000,13.4448504,01/11/1976,30/11/1976,"13,4448504","13,1207674"
197610,101976,31/10/1976,1.16000000,13.1207674,01/10/1976,31/10/1976,"13,1207674","12,9141411"
197609,091976,30/09/1976,1.17300000,12.9141411,01/09/1976,30/09/1976,"12,9141411","12,6945258"
197608,081976,31/08/1976,1.14300000,12.6945258,01/08/1976,31/08/1976,"12,6945258","12,5155534"
197607,071976,31/07/1976,2.26300000,12.5155534,01/07/1976,31/07/1976,"12,5155534","12,1948294"
197606,061976,30/06/1976,2.25000000,12.1948294,01/06/1976,30/06/1976,"12,1948294","11,8973946"
197605,051976,31/05/1976,1.12300000,11.8973946,01/05/1976,31/05/1976,"11,8973946","11,7528347"
197604,041976,30/04/1976,1.18700000,11.7528347,01/04/1976,30/04/1976,"11,7528347","11,5370911"
197603,031976,31/03/1976,2.21000000,11.5370911,01/03/1976,31/03/1976,"11,5370911","11,2997954"
197602,021976,29/02/1976,2.23300000,11.2997954,01/02/1976,29/2/1976,"11,2997954","11,0425050"
197601,011976,31/01/1976,2.23000000,11.0425050,01/01/1976,31/01/1976,"11,0425050","10,7942376"
197512,121975,31/12/1975,0.6300000,10.7942376,01/12/1975,31/12/1975,"10,7942376","10,7266596"
197511,111975,30/11/1975,0.6000000,10.7266596,01/11/1975,30/11/1975,"10,7266596","10,6626835"
197510,101975,31/10/1975,1.0000000,10.6626835,01/10/1975,31/10/1975,"10,6626835","10,5571124"
197509,091975,30/09/1975,1.13300000,10.5571124,01/09/1975,30/09/1975,"10,5571124","10,4185457"
197508,081975,31/08/1975,0.0000000,10.4185457,01/08/1975,31/08/1975,"10,4185457","10,4185457"
197507,071975,31/07/1975,0.6300000,10.4185457,01/07/1975,31/07/1975,"10,4185457","10,3533198"
197506,061975,30/06/1975,0.7700000,10.3533198,01/06/1975,30/06/1975,"10,3533198","10,2742084"
197505,051975,31/05/1975,1.18000000,10.2742084,01/05/1975,31/05/1975,"10,2742084","10,0925426"
197504,041975,30/04/1975,2.25000000,10.0925426,01/04/1975,30/04/1975,"10,0925426","9,8463831"
197503,031975,31/03/1975,2.27700000,9.8463831,01/03/1975,31/03/1975,"9,8463831","9,5809896"
197502,021975,28/02/1975,1.17000000,9.5809896,01/02/1975,28/02/1975,"9,5809896","9,4208354"
197501,011975,31/01/1975,2.28400000,9.4208354,01/01/1975,31/01/1975,"9,4208354","9,1606723"
197412,121974,31/12/1974,1.19700000,9.1606723,01/12/1974,31/12/1974,"9,1606723","8,9836936"
197411,111974,30/11/1974,1.11300000,8.9836936,01/11/1974,30/11/1974,"8,9836936","8,8833122"
197410,101974,31/10/1974,4.41700000,8.8833122,01/10/1974,31/10/1974,"8,8833122","8,5277068"
197409,091974,30/09/1974,1.15700000,8.5277068,01/09/1974,30/09/1974,"8,5277068","8,3958913"
197408,081974,31/08/1974,0.3000000,8.3958913,01/08/1974,31/08/1974,"8,3958913","8,3707789"
197407,071974,31/07/1974,0.9300000,8.3707789,01/07/1974,31/07/1974,"8,3707789","8,2936480"
197406,061974,30/06/1974,1.10700000,8.2936480,01/06/1974,30/06/1974,"8,2936480","8,2058455"
197405,051974,31/05/1974,1.12000000,8.2058455,01/05/1974,31/05/1974,"8,2058455","8,1085430"
197404,041974,30/04/1974,2.27000000,8.1085430,01/04/1974,30/04/1974,"8,1085430","7,8953680"
197403,031974,31/03/1974,3.32700000,7.8953680,01/03/1974,31/03/1974,"7,8953680","7,6453646"
197402,021974,28/02/1974,2.25300000,7.6453646,01/02/1974,28/02/1974,"7,6453646","7,4567098"
197401,011974,31/01/1974,2.28400000,7.4567098,01/01/1974,31/01/1974,"7,4567098","7,2507875"
197312,121973,31/12/1973,1.12000000,7.2507875,01/12/1973,31/12/1973,"7,2507875","7,1648098"
197311,111973,30/11/1973,2.21700000,7.1648098,01/11/1973,30/11/1973,"7,1648098","7,0126356"
197310,101973,31/10/1973,0.6000000,7.0126356,01/10/1973,31/10/1973,"7,0126356","6,9708107"
197309,091973,30/09/1973,1.14000000,6.9708107,01/09/1973,30/09/1973,"6,9708107","6,8745668"
197308,081973,31/08/1973,-0.4000000,6.8745668,01/08/1973,31/08/1973,"6,8745668","6,9021755"
197307,071973,31/07/1973,2.20000000,6.9021755,01/07/1973,31/07/1973,"6,9021755","6,7668387"
197306,061973,30/06/1973,1.19400000,6.7668387,01/06/1973,30/06/1973,"6,7668387","6,6380603"
197305,051973,31/05/1973,3.30000000,6.6380603,01/05/1973,31/05/1973,"6,6380603","6,4447188"
197304,041973,30/04/1973,3.35400000,6.4447188,01/04/1973,30/04/1973,"6,4447188","6,2243759"
197303,031973,31/03/1973,3.34700000,6.2243759,01/03/1973,31/03/1973,"6,2243759","6,0156334"
197302,021973,28/02/1973,2.20700000,6.0156334,01/02/1973,28/02/1973,"6,0156334","5,8936351"
197301,011973,31/01/1973,1.10300000,5.8936351,01/01/1973,31/01/1973,"5,8936351","5,8335496"
197212,121972,31/12/1972,0.1700000,5.8335496,01/12/1972,31/12/1972,"5,8335496","5,8236494"
197211,111972,30/11/1972,1.11300000,5.8236494,01/11/1972,30/11/1972,"5,8236494","5,7585774"
197210,101972,31/10/1972,1.19400000,5.7585774,01/10/1972,31/10/1972,"5,7585774","5,6489871"
197209,091972,30/09/1972,1.14300000,5.6489871,01/09/1972,30/09/1972,"5,6489871","5,5693455"
197208,081972,31/08/1972,0.6700000,5.5693455,01/08/1972,31/08/1972,"5,5693455","5,5322792"
197207,071972,31/07/1972,1.12000000,5.5322792,01/07/1972,31/07/1972,"5,5322792","5,4666790"
197206,061972,30/06/1972,1.10300000,5.4666790,01/06/1972,30/06/1972,"5,4666790","5,4109463"
197205,051972,31/05/1972,0.8000000,5.4109463,01/05/1972,31/05/1972,"5,4109463","5,3680023"
197204,041972,30/04/1972,1.15000000,5.3680023,01/04/1972,30/04/1972,"5,3680023","5,2886722"
197203,031972,31/03/1972,0.9700000,5.2886722,01/03/1972,31/03/1972,"5,2886722","5,2378649"
197202,021972,29/02/1972,1.11300000,5.2378649,01/02/1972,29/2/1972,"5,2378649","5,1793384"
197201,011972,31/01/1972,1.11300000,5.1793384,01/01/1972,31/01/1972,"5,1793384","5,1214658"
197112,121971,31/12/1971,0.5000000,5.1214658,01/12/1971,31/12/1971,"5,1214658","5,0959859"
197111,111971,30/11/1971,1.10700000,5.0959859,01/11/1971,30/11/1971,"5,0959859","5,0420361"
197110,101971,31/10/1971,1.14000000,5.0420361,01/10/1971,31/10/1971,"5,0420361","4,9724222"
197109,091971,30/09/1971,0.8300000,4.9724222,01/09/1971,30/09/1971,"4,9724222","4,9314908"
197108,081971,31/08/1971,1.10700000,4.9314908,01/08/1971,31/08/1971,"4,9314908","4,8792825"
197107,071971,31/07/1971,1.13700000,4.8792825,01/07/1971,31/07/1971,"4,8792825","4,8133397"
197106,061971,30/06/1971,0.5300000,4.8133397,01/06/1971,30/06/1971,"4,8133397","4,7879635"
197105,051971,31/05/1971,1.12000000,4.7879635,01/05/1971,31/05/1971,"4,7879635","4,7311893"
197104,041971,30/04/1971,1.18400000,4.7311893,01/04/1971,30/04/1971,"4,7311893","4,6457082"
197103,031971,31/03/1971,0.9700000,4.6457082,01/03/1971,31/03/1971,"4,6457082","4,6010778"
197102,021971,28/02/1971,0.8300000,4.6010778,01/02/1971,28/02/1971,"4,6010778","4,5632032"
197101,011971,31/01/1971,1.15700000,4.5632032,01/01/1971,31/01/1971,"4,5632032","4,4926683"
197012,121970,31/12/1970,1.0000000,4.4926683,01/12/1970,31/12/1970,"4,4926683","4,4481864"
197011,111970,30/11/1970,1.11000000,4.4481864,01/11/1970,30/11/1970,"4,4481864","4,3997888"
197010,101970,31/10/1970,0.0700000,4.3997888,01/10/1970,31/10/1970,"4,3997888","4,3967111"
197009,091970,30/09/1970,0.7300000,4.3967111,01/09/1970,30/09/1970,"4,3967111","4,3648477"
197008,081970,31/08/1970,-0.3700000,4.3648477,01/08/1970,31/08/1970,"4,3648477","4,3810576"
197007,071970,31/07/1970,0.3000000,4.3810576,01/07/1970,31/07/1970,"4,3810576","4,3679537"
197006,061970,30/06/1970,-0.5400000,4.3679537,01/06/1970,30/06/1970,"4,3679537","4,3916687"
197005,051970,31/05/1970,0.5000000,4.3916687,01/05/1970,31/05/1970,"4,3916687","4,3698196"
197004,041970,30/04/1970,1.14000000,4.3698196,01/04/1970,30/04/1970,"4,3698196","4,3094868"
197003,031970,31/03/1970,0.8300000,4.3094868,01/03/1970,31/03/1970,"4,3094868","4,2740125"
197002,021970,28/02/1970,0.0000000,4.2740125,01/02/1970,28/02/1970,"4,2740125","4,2740125"
197001,011970,31/01/1970,0.0000000,4.2740125,01/01/1970,31/01/1970,"4,2740125","4,2740125"
196912,121969,31/12/1969,0.5300000,4.2740125,01/12/1969,31/12/1969,"4,2740125","4,2514797"
196911,111969,30/11/1969,0.2700000,4.2514797,01/11/1969,30/11/1969,"4,2514797","4,2400316"
196910,101969,31/10/1969,1.12700000,4.2400316,01/10/1969,31/10/1969,"4,2400316","4,1868585"
196909,091969,30/09/1969,0.6700000,4.1868585,01/09/1969,30/09/1969,"4,1868585","4,1589932"
196908,081969,31/08/1969,0.3300000,4.1589932,01/08/1969,31/08/1969,"4,1589932","4,1453137"
196907,071969,31/07/1969,0.4000000,4.1453137,01/07/1969,31/07/1969,"4,1453137","4,1287985"
196906,061969,30/06/1969,0.5300000,4.1287985,01/06/1969,30/06/1969,"4,1287985","4,1070312"
196905,051969,31/05/1969,0.9000000,4.1070312,01/05/1969,31/05/1969,"4,1070312","4,0703977"
196904,041969,30/04/1969,1.16700000,4.0703977,01/04/1969,30/04/1969,"4,0703977","4,0035386"
196903,031969,31/03/1969,0.8300000,4.0035386,01/03/1969,31/03/1969,"4,0035386","3,9705827"
196902,021969,28/02/1969,-0.2700000,3.9705827,01/02/1969,28/02/1969,"3,9705827","3,9813323"
196901,011969,31/01/1969,1.12000000,3.9813323,01/01/1969,31/01/1969,"3,9813323","3,9341228"
196812,121968,31/12/1968,-0.1700000,3.9341228,01/12/1968,31/12/1968,"3,9341228","3,9408222"
196811,111968,30/11/1968,0.7000000,3.9408222,01/11/1968,30/11/1968,"3,9408222","3,9134282"
196810,101968,31/10/1968,0.3300000,3.9134282,01/10/1968,31/10/1968,"3,9134282","3,9005564"
196809,091968,30/09/1968,0.1700000,3.9005564,01/09/1968,30/09/1968,"3,9005564","3,8939367"
196808,081968,31/08/1968,-0.2300000,3.8939367,01/08/1968,31/08/1968,"3,8939367","3,9029134"
196807,071968,31/07/1968,0.8000000,3.9029134,01/07/1968,31/07/1968,"3,9029134","3,8719379"
196806,061968,30/06/1968,0.4000000,3.8719379,01/06/1968,30/06/1968,"3,8719379","3,8565119"
196805,051968,31/05/1968,0.6700000,3.8565119,01/05/1968,31/05/1968,"3,8565119","3,8308452"
196804,041968,30/04/1968,1.16300000,3.8308452,01/04/1968,30/04/1968,"3,8308452","3,7694039"
196803,031968,31/03/1968,1.10300000,3.7694039,01/03/1968,31/03/1968,"3,7694039","3,7309749"
196802,021968,29/02/1968,-0.0300000,3.7309749,01/02/1968,29/2/1968,"3,7309749","3,7320945"
196801,011968,31/01/1968,0.9700000,3.7320945,01/01/1968,31/01/1968,"3,7320945","3,6962410"
196712,121967,31/12/1967,0.4300000,3.6962410,01/12/1967,31/12/1967,"3,6962410","3,6804152"
196711,111967,30/11/1967,0.5300000,3.6804152,01/11/1967,30/11/1967,"3,6804152","3,6610118"
196710,101967,31/10/1967,0.8000000,3.6610118,01/10/1967,31/10/1967,"3,6610118","3,6319562"
196709,091967,30/09/1967,0.3700000,3.6319562,01/09/1967,30/09/1967,"3,6319562","3,6185675"
196708,081967,31/08/1967,-0.1300000,3.6185675,01/08/1967,31/08/1967,"3,6185675","3,6232777"
196707,071967,31/07/1967,0.1700000,3.6232777,01/07/1967,31/07/1967,"3,6232777","3,6171286"
196706,061967,30/06/1967,1.17300000,3.6171286,01/06/1967,30/06/1967,"3,6171286","3,5556165"
196705,051967,31/05/1967,0.6000000,3.5556165,01/05/1967,31/05/1967,"3,5556165","3,5344100"
196704,041967,30/04/1967,0.4000000,3.5344100,01/04/1967,30/04/1967,"3,5344100","3,5203287"
196703,031967,31/03/1967,1.10700000,3.5203287,01/03/1967,31/03/1967,"3,5203287","3,4830599"
196702,021967,28/02/1967,0.4300000,3.4830599,01/02/1967,28/02/1967,"3,4830599","3,4681469"
196701,011967,31/01/1967,0.5000000,3.4681469,01/01/1967,31/01/1967,"3,4681469","3,4508924"
196612,121966,31/12/1966,0.8300000,3.4508924,01/12/1966,31/12/1966,"3,4508924","3,4224858"
196611,111966,30/11/1966,0.2700000,3.4224858,01/11/1966,30/11/1966,"3,4224858","3,4132700"
196610,101966,31/10/1966,1.10700000,3.4132700,01/10/1966,31/10/1966,"3,4132700","3,3771346"
196609,091966,30/09/1966,1.10700000,3.3771346,01/09/1966,30/09/1966,"3,3771346","3,3413819"
196608,081966,31/08/1966,-0.2400000,3.3413819,01/08/1966,31/08/1966,"3,3413819","3,3494205"
196607,071966,31/07/1966,0.1000000,3.3494205,01/07/1966,31/07/1966,"3,3494205","3,3460744"
196606,061966,30/06/1966,-0.1000000,3.3460744,01/06/1966,30/06/1966,"3,3460744","3,3494238"
196605,051966,31/05/1966,1.12000000,3.3494238,01/05/1966,31/05/1966,"3,3494238","3,3097073"
196604,041966,30/04/1966,2.29700000,3.3097073,01/04/1966,30/04/1966,"3,3097073","3,2142443"
196603,031966,31/03/1966,2.24700000,3.2142443,01/03/1966,31/03/1966,"3,2142443","3,1367661"
196602,021966,28/02/1966,1.12700000,3.1367661,01/02/1966,28/02/1966,"3,1367661","3,0974288"
196601,011966,31/01/1966,1.13000000,3.0974288,01/01/1966,31/01/1966,"3,0974288","3,0576790"
196512,121965,31/12/1965,2.24400000,3.0576790,01/12/1965,31/12/1965,"3,0576790","2,9848487"
196511,111965,30/11/1965,1.14300000,2.9848487,01/11/1965,30/11/1965,"2,9848487","2,9427671"
196510,101965,31/10/1965,2.21300000,2.9427671,01/10/1965,31/10/1965,"2,9427671","2,8813934"
196509,091965,30/09/1965,0.9300000,2.8813934,01/09/1965,30/09/1965,"2,8813934","2,8548434"
196508,081965,31/08/1965,0.2000000,2.8548434,01/08/1965,31/08/1965,"2,8548434","2,8491451"
196507,071965,31/07/1965,0.1000000,2.8491451,01/07/1965,31/07/1965,"2,8491451","2,8462988"
196506,061965,30/06/1965,1.15300000,2.8462988,01/06/1965,30/06/1965,"2,8462988","2,8034067"
196505,051965,31/05/1965,1.12700000,2.8034067,01/05/1965,31/05/1965,"2,8034067","2,7682499"
196504,041965,30/04/1965,1.17300000,2.7682499,01/04/1965,30/04/1965,"2,7682499","2,7211736"
196503,031965,31/03/1965,1.14000000,2.7211736,01/03/1965,31/03/1965,"2,7211736","2,6836031"
196502,021965,28/02/1965,-0.9400000,2.6836031,01/02/1965,28/02/1965,"2,6836031","2,7090684"
196501,011965,31/01/1965,1.14000000,2.7090684,01/01/1965,31/01/1965,"2,7090684","2,6716651"
196412,121964,31/12/1964,0.1700000,2.6716651,01/12/1964,31/12/1964,"2,6716651","2,6671310"
196411,111964,30/11/1964,0.8300000,2.6671310,01/11/1964,30/11/1964,"2,6671310","2,6451760"
196410,101964,31/10/1964,-0.7700000,2.6451760,01/10/1964,31/10/1964,"2,6451760","2,6657019"
196409,091964,30/09/1964,-0.6400000,2.6657019,01/09/1964,30/09/1964,"2,6657019","2,6828723"
196408,081964,31/08/1964,-1.4700000,2.6828723,01/08/1964,31/08/1964,"2,6828723","2,7228989"
196407,071964,31/07/1964,-0.8400000,2.7228989,01/07/1964,31/07/1964,"2,7228989","2,7459650"
196406,061964,30/06/1964,1.14700000,2.7459650,01/06/1964,30/06/1964,"2,7459650","2,7061841"
196405,051964,31/05/1964,3.31700000,2.7061841,01/05/1964,31/05/1964,"2,7061841","2,6230339"
196404,041964,30/04/1964,2.23000000,2.6230339,01/04/1964,30/04/1964,"2,6230339","2,5640605"
196403,031964,31/03/1964,2.23300000,2.5640605,01/03/1964,31/03/1964,"2,5640605","2,5056782"
196402,021964,29/02/1964,0.5300000,2.5056782,01/02/1964,29/2/1964,"2,5056782","2,4924681"
196401,011964,31/01/1964,1.14700000,2.4924681,01/01/1964,31/01/1964,"2,4924681","2,4563597"
196312,121963,31/12/1963,0.9700000,2.4563597,01/12/1963,31/12/1963,"2,4563597","2,4327619"
196311,111963,30/11/1963,2.21000000,2.4327619,01/11/1963,30/11/1963,"2,4327619","2,3827246"
196310,101963,31/10/1963,1.16400000,2.3827246,01/10/1963,31/10/1963,"2,3827246","2,3442785"
196309,091963,30/09/1963,1.0000000,2.3442785,01/09/1963,30/09/1963,"2,3442785","2,3210678"
196308,081963,31/08/1963,0.2300000,2.3210678,01/08/1963,31/08/1963,"2,3210678","2,3157416"
196307,071963,31/07/1963,0.8000000,2.3157416,01/07/1963,31/07/1963,"2,3157416","2,2973627"
196306,061963,30/06/1963,2.22400000,2.2973627,01/06/1963,30/06/1963,"2,2973627","2,2470292"
196305,051963,31/05/1963,1.12300000,2.2470292,01/05/1963,31/05/1963,"2,2470292","2,2197266"
196304,041963,30/04/1963,4.43400000,2.2197266,01/04/1963,30/04/1963,"2,2197266","2,1273975"
196303,031963,31/03/1963,5.52000000,2.1273975,01/03/1963,31/03/1963,"2,1273975","2,0222410"
196302,021963,28/02/1963,6.60700000,2.0222410,01/02/1963,28/02/1963,"2,0222410","1,9065155"
196301,011963,31/01/1963,3.37400000,1.9065155,01/01/1963,31/01/1963,"1,9065155","1,8377825"
196212,121962,31/12/1962,0.8300000,1.8377825,01/12/1962,31/12/1962,"1,8377825","1,8226544"
196211,111962,30/11/1962,0.6700000,1.8226544,01/11/1962,30/11/1962,"1,8226544","1,8105239"
196210,101962,31/10/1962,0.3300000,1.8105239,01/10/1962,31/10/1962,"1,8105239","1,8045688"
196209,091962,30/09/1962,0.5700000,1.8045688,01/09/1962,30/09/1962,"1,8045688","1,7943411"
196208,081962,31/08/1962,0.0300000,1.7943411,01/08/1962,31/08/1962,"1,7943411","1,7938030"
196207,071962,31/07/1962,0.9300000,1.7938030,01/07/1962,31/07/1962,"1,7938030","1,7772743"
196206,061962,30/06/1962,0.0700000,1.7772743,01/06/1962,30/06/1962,"1,7772743","1,7760311"
196205,051962,31/05/1962,0.1000000,1.7760311,01/05/1962,31/05/1962,"1,7760311","1,7742568"
196204,041962,30/04/1962,1.11400000,1.7742568,01/04/1962,30/04/1962,"1,7742568","1,7542583"
196203,031962,31/03/1962,0.8700000,1.7542583,01/03/1962,31/03/1962,"1,7542583","1,7391279"
196202,021962,28/02/1962,0.1000000,1.7391279,01/02/1962,28/02/1962,"1,7391279","1,7373905"
196201,011962,31/01/1962,0.4000000,1.7373905,01/01/1962,31/01/1962,"1,7373905","1,7304686"
196112,121961,31/12/1961,0.6300000,1.7304686,01/12/1961,31/12/1961,"1,7304686","1,7196349"
196111,111961,30/11/1961,0.5000000,1.7196349,01/11/1961,30/11/1961,"1,7196349","1,7110795"
196110,101961,31/10/1961,0.1700000,1.7110795,01/10/1961,31/10/1961,"1,7110795","1,7081756"
196109,091961,30/09/1961,-0.6400000,1.7081756,01/09/1961,30/09/1961,"1,7081756","1,7191783"
196108,081961,31/08/1961,-1.1400000,1.7191783,01/08/1961,31/08/1961,"1,7191783","1,7390030"
196107,071961,31/07/1961,0.2700000,1.7390030,01/07/1961,31/07/1961,"1,7390030","1,7343203"
196106,061961,30/06/1961,0.1300000,1.7343203,01/06/1961,30/06/1961,"1,7343203","1,7320686"
196105,051961,31/05/1961,1.10700000,1.7320686,01/05/1961,31/05/1961,"1,7320686","1,7137317"
196104,041961,30/04/1961,2.20000000,1.7137317,01/04/1961,30/04/1961,"1,7137317","1,6801291"
196103,031961,31/03/1961,1.16000000,1.6801291,01/03/1961,31/03/1961,"1,6801291","1,6536704"
196102,021961,28/02/1961,0.4000000,1.6536704,01/02/1961,28/02/1961,"1,6536704","1,6470821"
196101,011961,31/01/1961,0.5000000,1.6470821,01/01/1961,31/01/1961,"1,6470821","1,6388876"
196012,121960,31/12/1960,1.10300000,1.6388876,01/12/1960,31/12/1960,"1,6388876","1,6221792"
196011,111960,30/11/1960,1.11300000,1.6221792,01/11/1960,30/11/1960,"1,6221792","1,6040534"
196010,101960,31/10/1960,0.7700000,1.6040534,01/10/1960,31/10/1960,"1,6040534","1,5917965"
196009,091960,30/09/1960,0.2000000,1.5917965,01/09/1960,30/09/1960,"1,5917965","1,5886193"
196008,081960,31/08/1960,0.3300000,1.5886193,01/08/1960,31/08/1960,"1,5886193","1,5833941"
196007,071960,31/07/1960,0.4700000,1.5833941,01/07/1960,31/07/1960,"1,5833941","1,5759870"
196006,061960,30/06/1960,0.1300000,1.5759870,01/06/1960,30/06/1960,"1,5759870","1,5739408"
196005,051960,31/05/1960,0.7300000,1.5739408,01/05/1960,31/05/1960,"1,5739408","1,5625343"
196004,041960,30/04/1960,0.9700000,1.5625343,01/04/1960,30/04/1960,"1,5625343","1,5475234"
196003,031960,31/03/1960,1.12700000,1.5475234,01/03/1960,31/03/1960,"1,5475234","1,5281163"
196002,021960,29/02/1960,-0.2400000,1.5281163,01/02/1960,29/2/1960,"1,5281163","1,5317926"
196001,011960,31/01/1960,0.3300000,1.5317926,01/01/1960,31/01/1960,"1,5317926","1,5267543"
195912,121959,31/12/1959,0.8000000,1.5267543,01/12/1959,31/12/1959,"1,5267543","1,5146372"
195911,111959,30/11/1959,0.2300000,1.5146372,01/11/1959,30/11/1959,"1,5146372","1,5111615"
195910,101959,31/10/1959,0.2300000,1.5111615,01/10/1959,31/10/1959,"1,5111615","1,5076938"
195909,091959,30/09/1959,-0.3700000,1.5076938,01/09/1959,30/09/1959,"1,5076938","1,5132930"
195908,081959,31/08/1959,0.2000000,1.5132930,01/08/1959,31/08/1959,"1,5132930","1,5102725"
195907,071959,31/07/1959,0.6300000,1.5102725,01/07/1959,31/07/1959,"1,5102725","1,5008173"
195906,061959,30/06/1959,0.7000000,1.5008173,01/06/1959,30/06/1959,"1,5008173","1,4903846"
195905,051959,31/05/1959,0.7000000,1.4903846,01/05/1959,31/05/1959,"1,4903846","1,4800245"
195904,041959,30/04/1959,1.15400000,1.4800245,01/04/1959,30/04/1959,"1,4800245","1,4575778"
195903,031959,31/03/1959,0.4000000,1.4575778,01/03/1959,31/03/1959,"1,4575778","1,4517707"
195902,021959,28/02/1959,0.8700000,1.4517707,01/02/1959,28/02/1959,"1,4517707","1,4392492"
195901,011959,31/01/1959,1.15000000,1.4392492,01/01/1959,31/01/1959,"1,4392492","1,4179795"
195812,121958,31/12/1958,0.4700000,1.4179795,01/12/1958,31/12/1958,"1,4179795","1,4113462"
195811,111958,30/11/1958,-0.0300000,1.4113462,01/11/1958,30/11/1958,"1,4113462","1,4117697"
195810,101958,31/10/1958,0.3300000,1.4117697,01/10/1958,31/10/1958,"1,4117697","1,4071262"
195809,091958,30/09/1958,0.1700000,1.4071262,01/09/1958,30/09/1958,"1,4071262","1,4047382"
195808,081958,31/08/1958,0.7700000,1.4047382,01/08/1958,31/08/1958,"1,4047382","1,3940043"
195807,071958,31/07/1958,0.0700000,1.3940043,01/07/1958,31/07/1958,"1,3940043","1,3930292"
195806,061958,30/06/1958,0.4000000,1.3930292,01/06/1958,30/06/1958,"1,3930292","1,3874793"
195805,051958,31/05/1958,2.20000000,1.3874793,01/05/1958,31/05/1958,"1,3874793","1,3602738"
195804,041958,30/04/1958,1.16700000,1.3602738,01/04/1958,30/04/1958,"1,3602738","1,3379304"
195803,031958,31/03/1958,1.15300000,1.3379304,01/03/1958,31/03/1958,"1,3379304","1,3177685"
195802,021958,28/02/1958,0.1300000,1.3177685,01/02/1958,28/02/1958,"1,3177685","1,3160576"
195801,011958,31/01/1958,0.1700000,1.3160576,01/01/1958,31/01/1958,"1,3160576","1,3138241"
195712,121957,31/12/1957,0.9300000,1.3138241,01/12/1957,31/12/1957,"1,3138241","1,3017182"
195711,111957,30/11/1957,0.3000000,1.3017182,01/11/1957,30/11/1957,"1,3017182","1,2978247"
195710,101957,31/10/1957,1.14700000,1.2978247,01/10/1957,31/10/1957,"1,2978247","1,2790230"
195709,091957,30/09/1957,0.4700000,1.2790230,01/09/1957,30/09/1957,"1,2790230","1,2730398"
195708,081957,31/08/1957,1.12700000,1.2730398,01/08/1957,31/08/1957,"1,2730398","1,2570749"
195707,071957,31/07/1957,2.27300000,1.2570749,01/07/1957,31/07/1957,"1,2570749","1,2236687"
195706,061957,30/06/1957,4.40700000,1.2236687,01/06/1957,30/06/1957,"1,2236687","1,1758132"
195705,051957,31/05/1957,1.12400000,1.1758132,01/05/1957,31/05/1957,"1,1758132","1,1614116"
195704,041957,30/04/1957,2.22000000,1.1614116,01/04/1957,30/04/1957,"1,1614116","1,1364106"
195703,031957,31/03/1957,1.17700000,1.1364106,01/03/1957,31/03/1957,"1,1364106","1,1166460"
195702,021957,28/02/1957,1.12700000,1.1166460,01/02/1957,28/02/1957,"1,1166460","1,1026424"
195701,011957,31/01/1957,1.11400000,1.1026424,01/01/1957,31/01/1957,"1,1026424","1,0902140"
195612,121956,31/12/1956,0.2700000,1.0902140,01/12/1956,31/12/1956,"1,0902140","1,0872783"
195611,111956,30/11/1956,1.14300000,1.0872783,01/11/1956,30/11/1956,"1,0872783","1,0719495"
195610,101956,31/10/1956,1.12400000,1.0719495,01/10/1956,31/10/1956,"1,0719495","1,0588201"
195609,091956,30/09/1956,0.8300000,1.0588201,01/09/1956,30/09/1956,"1,0588201","1,0501042"
195608,081956,31/08/1956,-0.5000000,1.0501042,01/08/1956,31/08/1956,"1,0501042","1,0553811"
195607,071956,31/07/1956,0.8300000,1.0553811,01/07/1956,31/07/1956,"1,0553811","1,0466936"
195606,061956,30/06/1956,0.9000000,1.0466936,01/06/1956,30/06/1956,"1,0466936","1,0373574"
195605,051956,31/05/1956,0.7700000,1.0373574,01/05/1956,31/05/1956,"1,0373574","1,0294307"
195604,041956,30/04/1956,0.6700000,1.0294307,01/04/1956,30/04/1956,"1,0294307","1,0225795"
195603,031956,31/03/1956,0.9400000,1.0225795,01/03/1956,31/03/1956,"1,0225795","1,0130567"
195602,021956,29/02/1956,0.4000000,1.0130567,01/02/1956,29/2/1956,"1,0130567","1,0090206"
195601,011956,31/01/1956,-0.1000000,1.0090206,01/01/1956,31/01/1956,"1,0090206","1,0100307"
195512,121955,31/12/1955,1.11300000,1.0100307,01/12/1955,31/12/1955,"1,0100307","0,9987449"
195511,111955,30/11/1955,0.9400000,0.9987449,01/11/1955,30/11/1955,"0,9987449","0,9894441"
195510,101955,31/10/1955,0.2700000,0.9894441,01/10/1955,31/10/1955,"0,9894441","0,9867798"
195509,091955,30/09/1955,-0.5300000,0.9867798,01/09/1955,30/09/1955,"0,9867798","0,9920376"
195508,081955,31/08/1955,0.1000000,0.9920376,01/08/1955,31/08/1955,"0,9920376","0,9910465"
195507,071955,31/07/1955,-0.2300000,0.9910465,01/07/1955,31/07/1955,"0,9910465","0,9933312"
195506,061955,30/06/1955,-0.0700000,0.9933312,01/06/1955,30/06/1955,"0,9933312","0,9940270"
195505,051955,31/05/1955,-0.4300000,0.9940270,01/05/1955,31/05/1955,"0,9940270","0,9983198"
195504,041955,30/04/1955,0.7000000,0.9983198,01/04/1955,30/04/1955,"0,9983198","0,9913801"
195503,031955,31/03/1955,0.4000000,0.9913801,01/03/1955,31/03/1955,"0,9913801","0,9874304"
195502,021955,28/02/1955,-0.0700000,0.9874304,01/02/1955,28/02/1955,"0,9874304","0,9881221"
195501,011955,31/01/1955,-0.1700000,0.9881221,01/01/1955,31/01/1955,"0,9881221","0,9898048"
195412,121954,31/12/1954,0.5300000,0.9898048,01/12/1954,31/12/1954,"0,9898048","0,9845864"
195411,111954,30/11/1954,0.2700000,0.9845864,01/11/1954,30/11/1954,"0,9845864","0,9819352"
195410,101954,31/10/1954,0.3300000,0.9819352,01/10/1954,31/10/1954,"0,9819352","0,9787055"
195409,091954,30/09/1954,-1.3700000,0.9787055,01/09/1954,30/09/1954,"0,9787055","0,9923000"
195408,081954,31/08/1954,-0.7700000,0.9923000,01/08/1954,31/08/1954,"0,9923000",0